日本語,カラバル語,IPA,アラビア文字,語根,語根+接辞,同音異義語説明,同音異義語+接辞,補足,デバック3,デバック2,デバック3,類似例チェック,,
アジャン,aján,äd͡ʑä́n,اجن,jV́n,a-jV́n,,,禁忌の一つで、淫乱のことです。,,,,,,×
アマン,amán,ämä́n,امن,mV́n,a-mV́n,,,禁忌の一つで、不適のことです。,,,,,,×
アピラ,apïrà,äpɨrä̀,اپر,pïrV̀,a-pïrV̀,,,禁忌の一つで、過剰のことです。,,,,,,×
アカダル,aqàdál,äqä̀dä́l,اقدل,qV̀d,a-qV̀d-ál,,,義務の一つで、喜捨のことです。,,,,,,×
死ぬ,bábe,bä́bə,بب,bV́,bV́-be,,,,,,,,,×
暖かい,bàur,bä̀ʊr,بور,bV̀u,bV̀u-r,,,,,,,,,×
全ての,biār,bɪǟr,بير,biV̄,biV̄-r,,,,,,,,,×
海,bïlè,bɨlə̀,بل,bïlV̀,bïlV̀,,,,,,,,,
歯,bïlí,bɨlɨ́,بل,bïlV́,bïlV́,,,,,,,,,
孫/孫娘,bïmà/bïmè,bɨmä̀/bɨmə̀,بم/بم,bïmV̀,bïmV̀,,,,,,,,,
王,bïmál,bɨmä́l,بمل,bïmV́l,bïmV́l,,,,,,,,,
ビマウセ,bïmàuse,bɨmä̀ʊsə,بموس,bïmV̀use,bïmV̀use,,,禁忌の一つで、虚偽のことです。,,,,,,
鼻,bïmēir,bɨmə̄ɪr,بمير,bïmV̄ir,bïmV̄ir,,,,,,,,,
尻尾,bïmì,bɨmɨ̀,بم,bïmV̀,bïmV̀,,,,,,,,,
葉,bïmír,bɨmɨ́r,بمر,bïmV́r,bïmV́r,,,,,,,,,
足,bïmò,bɨmɵ̀,بم,bïmV̀,bïmV̀,,,,,,,,,
平地,bïrēsé,bɨrə̄sə́,برس,bïrV̄sé,bïrV̄sé,,,,,,,,,
7,bïrï,bɨrɨ,بر,bïrï,bïrï,,,,,,,,,
10,bìu,bɨ̀ʊ,بو,bìu,bìu,,,,,,,,,
草,bíun,bɨ́ʊn,بون,bV́un,bV́un,,,,,,,,,
あなた,sháu,ɕä́ʊ,شو,shV́,shV́,,,,,,,,,
あなた達,sháuny,ɕä́ʊɲ,شوڽ,shV́uny,shV́uny,,,,,,,,,
大きい,shàur,ɕä̀ʊr,شور,shV̀u,shV̀u-r,,,,,,,,,×
海岸,shèu,ɕə̀ʊ,شو,shV̀u,shV̀u,,,,,,,,,
年,shiā,ɕɪǟ,شي,shiV̄,shiV̄,,,,,,,,,
シアル,shiàl,ɕɪä̀l,شيل,shiV̀l,shiV̀l,,,義務の一つで、互助のことです。,,,,,,
猫,shïrïughe,ɕɨrɨʊʁə,شروغ,shïrVughe,shïrVughe,,,,,,,,,
（厚みが）薄い,dāir,dǟɪr,دير,dV̄i,dV̄i-r,,,,,,,,,×
昼,dàu,dä̀ʊ,دو,dV̀u,dV̀u,,,,,,,,,
眠る,daube,däʊbə,دوب,dVu,dVu-be,,,,,,,,,×
女,dēl,də̄l,دل,dV̄l,dV̄l,,,,,,,,,
来る,dïlàibe,dɨlä̀ɪbə,دليب,dVlV̀i,dVlV̀i-be,,,,,,,,,×
首,dïlèu,dɨlə̀ʊ,دلو,dïlV̀u,dïlV̀u,,,,,,,,,
山,dïnē,dɨnə̄,دن,dïnV̄,dïnV̄,,,,,,,,,
太陽,dïnil,dɨnɪl,دنيل,dïnVl,dïnVl,,,,,,,,,
9,dïrím,dɨrɨ́m,درم,dïrím,dïrím,,,,,,,,,
いつ,dóye,dɵ́jə,دي,dó,dó-ye,,,,,,,,,×
妻,dón,dɵ́n,دن,dV́n,dV́n,,,,,,,,,
魚,dou,dɵʊ,دو,dVu,dVu,,,,,,,,,
口,drēl,drə̄l,درل,dïrV̄l,dïrV̄l,,,,,,,,,
黒,duà,dʊä̀,دو,duV̀,duV̀,「長い」との区別,sè-duàr,,,,,,,
長い,duàr,dʊä̀r,دور,duV̀,duV̀-r,,,,,,,,,×
手,duì,dʊɨ̀,دو,duV̀,duV̀,,,,,,,,,
彼,já,d͡ʑä́,ج,jV́,jV́,,,,,,,,,
壊す,jabe,d͡ʑäbə,جب,jV,jV-be,,,,,,,,,×
戦争,zàgā,d͡zä̀gǟ,زگ,zV̀gV̄,zV̀gV̄,,,,,,,,,
首都,zāggài,d͡zǟɢä̀ɪ,زڠي,zV̄ggV̀i,zV̄ggV̀i,,,,,,,,,
祖国,zàijuāy,d͡zä̀ɪd͡ʑʊǟj,زيجوي,zV̀ijuV̄y,zV̀ijuV̄y,,,,,,,,,
自由,zāighia,d͡zǟɪʁɪä,زيغي,zV̄ighiV,zV̄ighiV,,,,,,,,,
彼ら,jány,d͡ʑä́ɲ,جڽ,jV́ny,jV́ny,,,,,,,,,
見る,záube,d͡zä́ʊbə,زوب,zV́u,zV́u-be,,,,,,,,,×
新しい,jàur,d͡ʑä̀ʊr,جور,jV̀u,jV̀u-r,,,,,,,,,×
地面,jè,d͡ʑə̀,ج,jV̀,jV̀,,,,,,,,,
氷,zēu,d͡zə̄ʊ,زو,zV̄u,zV̄u,,,,,,,,,
夜,ziāy,d͡zɪǟj,زيي,ziV̄y,ziV̄y,,,,,,,,,
兄,zïlá,d͡zɨlä́,زل,zïlV́,zïlV́,,,,,,,,,
ジレイ,jìlé,d͡ʑɨ̀lə́,جل,jV̀lé,jV̀lé,,,礼拝の呼びかけです。,,,,,,
空,zïliè,d͡zɨlɪə̀,زلي,zïliV̀,zïliV̀,,,,,,,,,
石,zïlïyï,d͡zɨlɨjɨ,زلي,zïlVyV,zïlVyV,,,,,,,,,
皮,jïròung,d͡ʑɨrɵ̀ʊŋ,جروﯓ,jïrV̀ung,jïrV̀ung,,,,,,,,,
舌,jïruè,d͡ʑɨrʊə̀,جرو,jïruV̀,jïruV̀,,,,,,,,,
2,jìu,d͡ʑɨ̀ʊ,جو,jìu,jìu,,,,,,,,,
角,zíur,d͡zɨ́ʊr,زور,zV́ur,zV́ur,,,,,,,,,
虫,jól,d͡ʑɵ́l,جل,jV́l,jV́l,,,,,,,,,
～するとき,zórei,d͡zɵ́rəɪ,زري,zór,zór-ei,,,,,,,,,×
泳ぐ,juabe,d͡ʑʊäbə,جوب,juV,juV-be,,,,,,,,,×
頭,juèn,d͡ʑʊə̀n,جون,juV̀n,juV̀n,,,,,,,,,
ガジェン・ユワ,gájén yuā,gä́d͡ʑə́n jʊǟ,گجن يو,gV́j yuV̄,gV́j-én yuV̄,,,禁忌の一つで、三悪（殺し・盗み・脅し）のことです。,,,,,,×
男,gār,gǟr,گر,gV̄r,gV̄r,,,,,,,,,
夫,gàve,gä̀βə,گڤ,gV̀ve,gV̀ve,,,,,,,,,
三尾の狐,géjéné,gə́d͡ʑə́nə́,گجن,gV́jV́né,gV́jV́né,,,ディラル派の神使です。,,,,,,
母,ggèun,ɢə̀ʊn,ڠون,ggV̀un,ggV̀un,,,,,,,,,
羽根、翼,gī,gɨ̄,گ,gV̄,gV̄,,,,,,,,,
3,gíje,gɨ́d͡ʑə,گج,gíje,gíje,,,,,,,,,
遠い,gïlāir,gɨlǟɪr,گلير,gVlV̄i,gVlV̄i-r,,,,,,,,,×
髪,gïlī,gɨlɨ̄,گل,gïlV̄,gïlV̄,,,,,,,,,
雨,gïnē,gɨnə̄,گن,gïnV̄,gïnV̄,,,,,,,,,
犬,gïnīl,gɨnɨ̄l,گنل,gïnV̄l,gïnV̄l,,,,,,,,,
0、無,gïnuï,gɨnʊɨ,گنو,gïnuï,gïnuï,,,,,,,,,
土,gïrèun,gɨrə̀ʊn,گرون,gïrV̀un,gïrV̀un,,,,,,,,,
星,gïrín,gɨrɨ́n,گرن,gïrV́n,gïrV́n,,,,,,,,,
しかし,ggo,ɢɵ,ڠ,ggo,ggo,,,,,,,,,
学ぶ,gguābe,ɢʊǟbə,ڠوب,gguV̄,gguV̄-be,,,,,,,,,×
真実,gguàhà,ɢʊä̀ɦä̀,ڠوع,gguV̀hV̀,gguV̀hV̀,,,,,,,,,
戦う,háibe,ɦä́ɪbə,عيب,hV́i,hV́i-be,,,,,,,,,×
小さい,hhāir,hǟɪr,حير,hhV̄i,hhV̄i-r,,,,,,,,,×
ハリア,hhàriá,hä̀rɪä́,حري,hhV̀riV́,hhV̀riV́,,,義務の一つで、水平のことです。,,,,,,
讃える,hhàube,hä̀ʊbə,حوب,hhV̀u,hhV̀u-be,,,,,,,,,×
飲む,haube,ɦäʊbə,عوب,hVu,hVu-be,,,,,,,,,×
歌う,hàube,ɦä̀ʊbə,عوب,hV̀u,hV̀u-be,,,,,,,,,×
愛する,hàube,ɦä̀ʊbə,عوب,hV̀u,hV̀u-be,「歌う」との区別,sè-hV̀u-be,,,,,,,×
なぜなら,ho,ɦɵ,ع,ho,ho,,,,,,,,,
果実、実,hóun,ɦɵ́ʊn,عون,hV́un,hV́un,,,,,,,,,
歩く,hhuábe,hʊä́bə,حوب,hhuV́,hhuV́-be,,,,,,,,,×
立つ,yábe,jä́bə,يب,yV́,yV́-be,,,,,,,,,×
ヤイヴァ,yáivá,jä́ɪβä́,ييڤ,yV́ivV́,yV́ivV́,,,義務の一つで、礼拝のことです。,,,,,,
家,yàng,jä̀ŋ,يﯓ,yV̀ng,yV̀ng,,,,,,,,,
近い,yàr,jä̀r,ير,yV̀,yV̀-r,,,,,,,,,×
独立,yāsáu,jǟsä́ʊ,يسو,yV̄sV́u,yV̄sV́u,,,,,,,,,
結ぶ,yàube,jä̀ʊbə,يوب,yV̀u,yV̀u-be,「恐れる」との区別,sè-yV̀u-be,,,,,,,×
恐れる,yàube,jä̀ʊbə,يوب,yV̀u,yV̀u-be,,,,,,,,,×
（幅が）広い,yiār,jɪǟr,يير,yiV̄,yiV̄-r,,,,,,,,,×
イディア,yìdia,jɨ̀dɪä,يدي,diV,yì-diV,,,子供に与えるお年玉です。,,,,,,×
イサル,yísál,jɨ́sä́l,يسل,yV́se,yV́s-ál,,,パテイの受難の追体験を意味します。,,,,,,×
イウハ,yíuhha,jɨ́ʊhä,يوح,hhV,yíu-hhV,,,信仰告白を意味します。,,,,,,×
座る,yuábe,jʊä́bə,يوب,yuV́,yuV́-be,,,,,,,,,×
悪い,yuār,jʊǟr,يور,yuV̄,yuV̄-r,,,,,,,,,×
ユワサイ,yuāsài,jʊǟsä̀ɪ,يوسي,yuV̄sV̀i,yuV̄sV̀i,,,悪学を意味します。,,,,,,
食べる,kàibe,kä̀ɪbə,كيب,kV̀i,kV̀i-be,,,,,,,,,×
胸,kē,kə̄,ك,kV̄,kV̄,,,,,,,,,
（幅が）狭い,kiār,kɪǟr,كير,kiV̄,kiV̄-r,,,,,,,,,×
1000,kïlì,kɨlɨ̀,كل,kïlì,kïlì,,,,,,,,,
名前,kïliāng,kɨlɪǟŋ,كليﯓ,kïliV̄ng,kïliV̄ng,,,,,,,,,
得る,kuàbe,kʊä̀bə,كوب,kuV̀,kuV̀-be,,,,,,,,,×
水,kuēr,kʊə̄r,كور,kuV̄r,kuV̄r,,,,,,,,,
教導,kuīshe,kʊɨ̄ɕə,كوش,kuV̄she,kuV̄she,,,,,,,,,
いいえ,kuo,kʊɵ,كو,kuo,kuo,,,,,,,,,
平和,lāiduá,lǟɪdʊä́,ليدو,lV̄iduá,lV̄iduá,,,,,,,,,
良い,lāir,lǟɪr,لير,lV̄i,lV̄i-r,,,,,,,,,×
本当の、真の,hlàir,l̥ä̀ɪr,هلير,hlV̀i,hlV̀i-r,,,,,,,,,×
短い,hlāir,l̥ǟɪr,هلير,hlV̄i,hlV̄i-r,,,,,,,,,×
ラツワ,làcuá,lä̀t͡sʊä́,لڃو,lV̀cuV́,lV̀cuV́,,,義務の一つで、巡礼のことです。,,,,,,
赤,hlàu,l̥ä̀ʊ,هلو,hlV̀u,hlV̀u,,,,,,,,,
涼しい,làunár,lä̀ʊnä́r,لونر,lV̀un,lV̀un-ár,,,,,,,,,×
黄色,liā,lɪǟ,لي,liV̄,liV̄,,,,,,,,,
動物,lïyāun,lɨjǟʊn,ليون,lïyV̄un,lïyV̄un,,,,,,,,,
これ（近くのもの）,líl,lɨ́l,لل,lV́l,lV́l,,,,,,,,,
フリハル,hlïxàl,l̥ɨχä̀l,هلخل,xV̀l,hlï-xV̀l,,,義務（すべきこと）を指します。,,,,,,×
与える,hluabe,l̥ʊäbə,هلوب,hluV,hluV-be,,,,,,,,,×
雲,luē,lʊə̄,لو,luV̄,luV̄,,,,,,,,,
どのように,luóye,lʊɵ́jə,لوي,luó,luó-ye,,,,,,,,,×
なぜ,luonei,lʊɵnəɪ,لوني,luon,luon-ei,,,,,,,,,×
聞く,mábe,mä́bə,مب,mV́,mV́-be,,,,,,,,,×
マーシェ,māshe,mǟɕə,مش,mV̄she,mV̄she,,,義務の一つで、慈愛のことです。,,,,,,
マガセ,magáse,mägä́sə,مگس,mVgV́se,mVgV́se,,,旅人に与えられる称号です。,,,,,,
乾いた,màir,mä̀ɪr,مير,mV̀i,mV̀i-r,,,,,,,,,×
都市,hmàká,m̥ä̀kä́,همك,hmV̀kV́,hmV̀kV́,,,,,,,,,
ママール,mámāl,mä́mǟl,ممل,mV́mV̄l,mV́mV̄l,,,デーツの入ったバタークッキーです。,,,,,,
フマタ,hmáta,m̥ä́tä,همت,hmV́ta,hmV́ta,,,禁忌の一つで、食汚のことです。,,,,,,
姉,hmeize,m̥əɪd͡zə,هميز,hmVize,hmVize,,,,,,,,,
月,hmí,m̥ɨ́,هم,hmV́,hmV́,,,,,,,,,
いる、ある,miábe,mɪä́bə,ميب,miV́,miV́-be,,,,,,,,,×
切る,hmiābe,m̥ɪǟbə,هميب,hmiV̄,hmiV̄-be,,,,,,,,,×
ミズリーク,mïze-līke,mɨd͡zə-lɨ̄kə,مز-لك,mVze-lV̄ke,mVze-lV̄ke,,,信徒のことです。,,,,,,
～ではない,moi,mɵɪ,مي,moi,moi,,,,,,,,,
多くの,muàr,mʊä̀r,مور,mV̀,mV̀-r,,,,,,,,,×
息子/娘,hna/hne,n̥ä/n̥ə,هن/هن,hnV,hnV,,,,,,,,,
砂,nēul,nə̄ʊl,نول,nV̄ul,nV̄ul,,,,,,,,,
世界,niāfiá,nɪǟɸɪä́,نيفي,niV̄fiV́,niV̄fiV́,,,,,,,,,
血,nuò,nʊɵ̀,نو,nuV̀,nuV̀,,,,,,,,,
一緒に,nuóye,nʊɵ́jə,نوي,nuó,nuó-ye,,,,,,,,,×
誰が,pā,pǟ,پ,pā,pā,,,,,,,,,
洗う,pábe,pä́bə,پب,pV́,pV́-be,,,,,,,,,×
何が,fāng,ɸǟŋ,فﯓ,fāng,fāng,,,,,,,,,
笑う,fāube,ɸǟʊbə,فوب,fV̄u,fV̄u-be,,,,,,,,,×
日（暦の）,fià,ɸɪä̀,في,fiV̀,fiV̀,,,,,,,,,
飛ぶ,fiábe,ɸɪä́bə,فيب,fiV́,fiV́-be,,,,,,,,,×
人,píl,pɨ́l,پل,pV́l,pV́l,,,,,,,,,
湖,fïlē,ɸɨlə̄,فل,fïlV̄,fïlV̄,,,,,,,,,
背中,pïliè,pɨlɪə̀,پلي,pïliV̀,pïliV̀,,,,,,,,,
肉,pïlò,pɨlɵ̀,پل,pïlV̀,pïlV̀,,,,,,,,,
父,fïrán,ɸɨrä́n,فرن,fïrV́n,fïrV́n,,,,,,,,,
6,fïrï,ɸɨrɨ,فر,fïrï,fïrï,,,,,,,,,
脚,fïrì,ɸɨrɨ̀,فر,fïrV̀,fïrV̀,,,,,,,,,
もしも,fó,ɸɵ́,ف,fó,fó,,,,,,,,,
～さえも,fōiyei,ɸɵ̄ɪjəɪ,فييي,fōiy,fōiy-ei,,,,,,,,,×
はい,qa,qä,ق,qa,qa,,,,,,,,,
厚い,qàr,qä̀r,قر,qV̀,qV̀-r,,,,,,,,,×
泣く,qāube,qǟʊbə,قوب,qV̄u,qV̄u-be,,,,,,,,,×
河岸、湖岸,qèné,qə̀nə́,قن,qV̀né,qV̀né,,,,,,,,,
考える,qiàbe,qɪä̀bə,قيب,qiV̀,qiV̀-be,,,,,,,,,×
眼,qīm,qɨ̄m,قم,qV̄m,qV̄m,,,,,,,,,
骨,qoir,qɵɪr,قير,qVir,qVir,,,,,,,,,
白,quàng,qʊä̀ŋ,قوﯓ,quV̀ng,quV̀ng,,,,,,,,,
できる,hrabe,r̥äbə,هرب,hrV,hrV-be,,,,,,,,,×
濡れた、湿った,ghāir,ʁǟɪr,غير,ghV̄i,ghV̄i-r,,,,,,,,,×
私,rál,rä́l,رل,rV́l,rV́l,,,,,,,,,
我々,ráleny,rä́ləɲ,رلڽ,rV́leny,rV́leny,,,,,,,,,
フラム,hram,r̥äm,هرم,hrVm,hrVm,,,禁忌（やってはいけないこと）を指します。,,,,,,
村、集落,rànuá,rä̀nʊä́,رنو,rV̀nuV́,rV̀nuV́,,,,,,,,,
月（暦の）,hraùl,r̥äùl,هرùل,hrV̀ul,hrV̀ul,,,,,,,,,
雪,ghēi,ʁə̄ɪ,غي,ghV̄i,ghV̄i,,,,,,,,,
どこ,ghiā,ʁɪǟ,غي,ghiā,ghiā,,,,,,,,,
欲する、望む,riabe,rɪäbə,ريب,riV,riV-be,,,,,,,,,×
遊ぶ,riàbe,rɪä̀bə,ريب,riV̀,riV̀-be,,,,,,,,,×
理解する,riàbe,rɪä̀bə,ريب,riV̀,riV̀-be,「遊ぶ」との区別,sè-riV̀-be,,,,,,,×
信じる,ghiábe,ʁɪä́bə,غيب,ghiV́,ghiV́-be,,,,,,,,,×
4,hrïl,r̥ɨl,هرل,hrïl,hrïl,,,,,,,,,
根,rïn,rɨn,رن,rV,rV,,,,,,,,,
1,ghír,ʁɨ́r,غر,ghír,ghír,,,,,,,,,
腕,ghīun,ʁɨ̄ʊn,غون,ghV̄un,ghV̄un,,,,,,,,,
暑い,hruār,r̥ʊǟr,هرور,hruV̄,hruV̄-r,,,,,,,,,×
だから、ゆえに,ruo,rʊɵ,رو,ruo,ruo,,,,,,,,,
青,sà,sä̀,س,sV̀,sV̀,,,,,,,,,
サイ,sài,sä̀ɪ,سي,sV̀i,sV̀i,,,義務の一つで、学習のことです。,,,,,,
知る,saibe,säɪbə,سيب,sVi,sVi-be,,,,,,,,,×
サカイ,saqài,säqä̀ɪ,سقي,sVqV̀i,sVqV̀i,,,禁忌の一つで、濫用のことです。,,,,,,
古い,sār,sǟr,سر,sV̄,sV̄-r,,,,,,,,,×
サール,sār,sǟr,سر,sV̄r,sV̄r,,,義務の一つで、実践のことです。,,,,,,
手に取る,sàube,sä̀ʊbə,سوب,sV̀u,sV̀u-be,,,,,,,,,×
セデュール,sèduīl,sə̀dʊɨ̄l,سدول,duV̄l,sèduV̄l,,,礼拝における五体投地です。,,,,,,×
セガキア,sègakiá,sə̀gäkɪä́,سگكي,gVkiV́,sè-gVkiV́,,,断食明けに行われる大施食会（炊き出し）のことです。,,,,,,×
とても,soye,sɵjə,سي,so,so-ye,,,,,,,,,×
タアル,tahàl,täɦä̀l,تعل,tVhV̀l,tVhV̀l,,,義務の一つで、清浄のことです。,,,,,,
話す,táibe,tä́ɪbə,تيب,tV́i,tV́i-be,,,,,,,,,×
ターキア,tākiá,tǟkɪä́,تكي,tV̄kiV́,tV̄kiV́,,,露店のことです。,,,,,,
貯金,tamāl,tämǟl,تمل,tVmV̄l,tamV̄l,,,,,,,,,×
走る,tàrïbe,tä̀rɨbə,ترب,tV̀rV,tV̀rV-be,,,,,,,,,×
行く,chábe,t͡ɕä́bə,چب,chV́,chV́-be,,,,,,,,,×
緑,chāi,t͡ɕǟɪ,چي,chV̄i,chV̄i,,,,,,,,,
チャール,chāl,t͡ɕǟl,چل,chV̄l,chV̄l,,,禁忌の一つで、悪句のことです。,,,,,,
心、心臓,chuē,t͡ɕʊə̄,چو,chuV̄,chuV̄,,,,,,,,,
木,té,tə́,ت,tV́,tV́,,,,,,,,,
8,tï,tɨ,ت,tï,tï,,,,,,,,,
森,tī,tɨ̄,ت,tV̄,tV̄,,,,,,,,,
女王,tïléine,tɨlə́ɪnə,تلين,tïlV́ine,tïlV́ine,,,,,,,,,
川,tïlèu,tɨlə̀ʊ,تلو,tïlV̀u,tïlV̀u,,,,,,,,,
花,tïlí,tɨlɨ́,تل,tïlV́,tïlV́,,,,,,,,,
耳,tïlìghe,tɨlɨ̀ʁə,تلغ,tïlV̀ghe,tïlV̀ghe,,,,,,,,,
100,tïnïu,tɨnɨʊ,تنو,tïnïu,tïnïu,,,,,,,,,
奪う,tïnuábe,tɨnʊä́bə,تنوب,tVnuV́,tVnuV́-be,,,,,,,,,×
鳥,tïrïu,tɨrɨʊ,ترو,tïrVu,tïrVu,,,,,,,,,
顔,cïlēl,t͡sɨlə̄l,ڃلل,cïlV̄l,cïlV̄l,,,,,,,,,
5,cïlíl,t͡sɨlɨ́l,ڃلل,cïlíl,cïlíl,,,,,,,,,
卵,cīr,t͡sɨ̄r,ڃر,cV̄r,cV̄r,,,,,,,,,
国,cīxál,t͡sɨ̄χä́l,ڃخل,cīxV́l,cīxV́l,,,,,,,,,
子供（血縁上の）,cuá,t͡sʊä́,ڃو,cuV́,cuV́,,,,,,,,,
寒い,tuàr,tʊä̀r,تور,tuV̀,tuV̀-r,,,,,,,,,×
種,vá,βä́,ڤ,vV́,vV́,,,,,,,,,
置く,vabe,βäbə,ڤب,vV,vV-be,,,,,,,,,×
怒る,vàibe,βä̀ɪbə,ڤيب,vV̀i,vV̀i-be,,,,,,,,,×
あれ（遠くのもの）,vï,βɨ,ڤ,vV,vV,,,,,,,,,
道,vï,βɨ,ڤ,vV,vV,「あれ」との区別,sè-vï,,,,,,,
剣,ví,βɨ́,ڤ,vV́,vV́,,,,,,,,,
歌,vìl,βɨ̀l,ڤل,vV̀l,vV̀l,,,,,,,,,
殺す,vuàbe,βʊä̀bə,ڤوب,vuV̀,vuV̀-be,,,,,,,,,×
少しの,vuàchár,βʊä̀t͡ɕä́r,ڤوچر,vuV̀che,vuV̀chá-r,,,,,,,,,×
生きる,xaibe,χäɪbə,خيب,xVi,xVi-be,,,,,,,,,×
民族,xàuzuā,χä̀ʊd͡zʊǟ,خوزو,xV̀uzuV̄,xV̀uzuV̄,,,,,,,,,
炎,xèiny,χə̀ɪɲ,خيڽ,xV̀iny,xV̀iny,,,,,,,,,
谷,xīu,χɨ̄ʊ,خو,xV̄u,xV̄u,,,,,,,,,
投げる,xuabe,χʊäbə,خوب,xuV,xuV-be,,,,,,,,,×
燃やす,xuabe,χʊäbə,خوب,xuV,xuV-be,「投げる」との区別,sè-xuV-be,,,,,,,×
かがむ,kāube,kǟʊbə,كوب,kV̄u,kV̄u-be,,,,,,,,,×
しゃがむ,sèkāube,sə̀kǟʊbə,سكوب,kV̄u,sè-kV̄u-be,,,,,,,,,×
うずくまる,kāujabe,kǟʊd͡ʑäbə,كوجب,kV̄u,kV̄u-jV-be,,,,,,,,,×
硬い,hmàur,m̥ä̀ʊr,همور,hmV̀u,hmV̀u-r,,,,,,,,,×
固い,sèhmàur,sə̀m̥ä̀ʊr,سهمور,hmV̀u,sè-hmV̀u-r,,,,,,,,,×
双子,hò,ɦɵ̀,ع,hV̀,hV̀,,,,,,,,,
弟/妹,zài/zèi,d͡zä̀ɪ/d͡zə̀ɪ,زي/زي,zV̀i,zV̀i,,,,,,,,,
測る,vuābe,βʊǟbə,ڤوب,vuV̄,vuV̄,,,,,,,,,
計る,sèvuābe,sə̀βʊǟbə,سڤوب,vuV̄,sè-vuV̄,,,,,,,,,×
辺境,zaitān,d͡zäɪtǟn,زيتن,zVi,zVi-tān,,,,,,,,,×
国境,tïlì-zai,tɨlɨ̀-d͡zäɪ,تل-زي,zVi,tïlì-zVi,,,,,,,,,×
柔らかい,shuàr,ɕʊä̀r,شور,shuV̀,shuV̀-r,,,,,,,,,×
慕う,shuàbe,ɕʊä̀bə,شوب,shuV̀,shuV̀-be,,,,,,,,,×
危ない,hruar,r̥ʊär,هرور,hruV,hruV-r,,,,,,,,,×
安全な,bar,bär,بر,bV,bV-r,,,,,,,,,×
上,ze,d͡zə,ز,zV,zV,,,,,,,,,
下,hniē,n̥ɪə̄,هني,hniV̄,hniV̄,,,,,,,,,
前,we,wə,و,wV,wV,,,,,,,,,
後ろ,ge,gə,گ,gV,gV,,,,,,,,,
左,géu,gə́ʊ,گو,gV́u,gV́u,,,,,,,,,
右,léi,lə́ɪ,لي,lV́i,lV́i,,,,,,,,,
内,chuè,t͡ɕʊə̀,چو,chuV̀,chuV̀,,,,,,,,,
外,pe,pə,پ,pV,pV,,,,,,,,,
中,qe,qə,ق,qV,qV,,,,,,,,,
隅,vol,βɵl,ڤل,vVl,vVl,,,,,,,,,
頼む,vaube,βäʊbə,ڤوب,vVu,vVu-be,,,,,,,,,×
慰める,mabe,mäbə,مب,mV,mV-be,,,,,,,,,×
進む,hnáube,n̥ä́ʊbə,هنوب,hnV́u,hnV́u-be,,,,,,,,,×
戻る,hlábe,l̥ä́bə,هلب,hlV́,hlV́-be,,,,,,,,,×
渡る,hmuashïbe,m̥ʊäɕɨbə,هموشب,hmuVshe,hmuVshï-be,,,,,,,,,×
越える,ābe,ǟbə,اب,V̄,V̄-be,,,,,,,,,×
曲がる,daibe,däɪbə,ديب,dVi,dVi-be,,,,,,,,,×
迷う,chárïbe,t͡ɕä́rɨbə,چرب,chV́r,chV́rï-be,,,,,,,,,×
哀れむ,tïràibe,tɨrä̀ɪbə,تريب,tïrV̀i,tïrV̀i-be,,,,,,,,,×
する/行う/作る,chábe,t͡ɕä́bə,چب,chV́,chV́-be,,,,,,,,,×
近づく,hnuābe,n̥ʊǟbə,هنوب,hnuV̄,hnuV̄-be,,,,,,,,,×
離れる,fiabe,ɸɪäbə,فيب,fiV,fiV-be,,,,,,,,,×
追う,pābe,pǟbə,پب,pV̄,pV̄-be,,,,,,,,,×
逃げる,àube,ä̀ʊbə,اوب,V̀u,V̀u-be,,,,,,,,,×
衣,cuē,t͡sʊə̄,ڃو,cuV̄,cuV̄,,,,2,,2,,,
襟,pia,pɪä,پي,piV,piV,,,,1,,1,,,
袖,kàu,kä̀ʊ,كو,kV̀u,kV̀u,,,,1,,1,,,
裾,áiy,ä́ɪj,ايي,V́iy,V́iy,,,,1,,1,,,
帯,ggài,ɢä̀ɪ,ڠي,ggV̀i,ggV̀i,,,,1,,1,,,
履物,nuī,nʊɨ̄,نو,nuV̄,nuV̄,,,,4,,4,,,
草履,chèr,t͡ɕə̀r,چر,chV̀r,chV̀r,,,,2,,2,,,
育てる,cháibe,t͡ɕä́ɪbə,چيب,chV́i,chV́i-be,,,,1,,1,,,×
飼う,hnābe,n̥ǟbə,هنب,hnV̄,hnV̄-be,,,,1,1,1,,,×
飼いならす,píhnābe,pɨ́n̥ǟbə,پهنب,pí-hnV̄,pí-hnV̄-be,,,,1,1,1,,,×
朝,cā,t͡sǟ,ڃ,cV̄,cV̄,,,,,,,,,
夕方,káu,kä́ʊ,كو,kV́u,kV́u,,,,1,2,1,,,
夕焼け,shïkóu,ɕɨkɵ́ʊ,شكو,kV́u,shï-kV́u,,,,3,2,3,,,×
正午,dau,däʊ,دو,dVu,dVu,,,,,,,,,
夕暮れ,kóu,kɵ́ʊ,كو,kV́u,kV́u,,,,3,2,3,,,
真夜中,hnuén,n̥ʊə́n,هنون,hnuV́n,hnuV́n,,,,2,3,2,,,
日没,huám,ɦʊä́m,عوم,huV́m,huV́m,,,,1,,1,,,
日の出,bà,bä̀,ب,bV̀,bV̀,,,,1,,1,,,
そのため,noi,nɵɪ,ني,nVi,nVi,,,,3,,3,,,
深夜,sèhnuén,sə̀n̥ʊə́n,سهنون,hnuV́n,sè-hnuV́n,,,,2,3,2,,,×
運,hnuín,n̥ʊɨ́n,هنون,hnuV́n,hnuV́n,,,,4,4,4,,,
鏡,chau,t͡ɕäʊ,چو,chVu,chVu,,,,1,,1,,,
鋭い,hiar,ɦɪär,عير,hiV,hiV-r,,,,1,,1,,,×
鈍い,hliāshár,l̥ɪǟɕä́r,هليشر,hliV̄she,hliV̄sh-ár,,,,1,,1,,,×
王子,zuā,d͡zʊǟ,زو,zuV̄,zuV̄,,,,1,,1,,,
王女,yèl,jə̀l,يل,yV̀l,yV̀l,,,,2,,2,,,
恩,hrēi,r̥ə̄ɪ,هري,hrV̄i,hrV̄i,,,,2,,2,,,
恨み,bua,bʊä,بو,buV,buV,,,,1,,1,,,
苔,ggī,ɢɨ̄,ڠ,ggV́i,ggV́i,,,,4,,4,,,
価値,tau,täʊ,تو,tVu,tVu,,,,1,,1,,,
価格,cài,t͡sä̀ɪ,ڃي,cV̀i,cV̀i,,,,1,,1,,,
椅子,na,nä,ن,nV,nV,,,,1,,1,,,
机,jām,d͡ʑǟm,جم,jV̄m,jV̄m,,,,1,,1,,,
不運,qohnuín,qɵn̥ʊɨ́n,قهنون,hnuV́n,qo-hnuV́n,,,,4,4,4,,,×
牛,hrì,r̥ɨ̀,هر,hrV̀,hrV̀,,,,4,5,4,,,
羊,wìul,wɨ̀ʊl,وول,wV̀ul,wV̀ul,,,,4,,4,,,
山羊,lāushe,lǟʊɕə,لوش,lV̄ushe,lV̄ushe,,,,1,,1,,,
豚,tuī,tʊɨ̄,تو,tuV̄,tuV̄,,,,4,,4,,,
家畜,ríum,rɨ́ʊm,روم,rV́um,rV́um,,,,4,,4,,,
牡牛,àhrà,ä̀r̥ä̀,اهر,hrV̀,à-hrV̀,,,,1,5,1,,,×
牝牛,èhrè,ə̀r̥ə̀,اهر,hrV̀,è-hrV̀,,,,2,5,2,,,×
馬,ggīu,ɢɨ̄ʊ,ڠو,ggV̄u,ggV̄u,,,,4,6,4,,,
牡馬,àggāu,ä̀ɢǟʊ,اڠو,ggV̄u,à-ggV̄u,,,,1,6,1,,,×
子羊,cuì,t͡sʊɨ̀,ڃو,cuV̀,cuV̀,,,,4,,4,,,
乳牛,hriān,r̥ɪǟn,هرين,hriV̄n,hriV̄n,,,,1,,1,,,
主人,qàya,qä̀jä,قي,qV̀yV,qV̀yV,,,,,,,,,
使用人,sèluīr,sə̀lʊɨ̄r,سلور,luV̄r,sè-luV̄r,,,,,,,,,×
桃,juá,d͡ʑʊä́,جو,juV́,juV́,,,,1,,1,,,
梨,fué,ɸʊə́,فو,fuV́,fuV́,,,,2,,2,,,
柿,hrēu,r̥ə̄ʊ,هرو,hrV̄u,hrV̄u,,,,2,,2,,,
栗,quō,qʊɵ̄,قو,quV̄,quV̄,,,,3,,3,,,
橙,juóshe,d͡ʑʊɵ́ɕə,جوش,juV́she,juV́she,,,,3,,3,,,
柚子,hnià,n̥ɪä̀,هني,hniV̀,hniV̀,,,,1,,1,,,
椰子,mau,mäʊ,مو,mVu,mVu,,,,1,,1,,,
果樹,sāu,sǟʊ,سو,sV̄u,sV̄u,,,,1,,1,,,
灯り,nī,nɨ̄,ن,nV̀i,nV̀i,,,,4,,4,,,
松明,vōi,βɵ̄ɪ,ڤي,vV̄i,vV̄i,,,,3,,3,,,
ろうそく,suè,sʊə̀,سو,suV̀,suV̀,,,,2,,2,,,
牝馬,èggēu,ə̀ɢə̄ʊ,اڠو,ggV̄u,è-ggV̄u,,,,2,6,2,,,×
花びら,chuí,t͡ɕʊɨ́,چو,chuV́,chuV́,,,,4,7,4,,,
蓮,hhau,häʊ,حو,hhVu,hhVu,,,,1,,1,,,
桜,viè,βɪə̀,ڤي,viV̀,viV̀,,,,2,,2,,,
梅,pēny,pə̄ɲ,پڽ,pV̄ny,pV̄ny,,,,2,,2,,,
椿,ciē,t͡sɪə̄,ڃي,ciV̄,ciV̄,,,,2,,2,,,
百合,hléishe,l̥ə́ɪɕə,هليش,hlV́ishe,hlV́ishe,,,,2,,2,,,
菊,chue,t͡ɕʊə,چو,chuV,chuV,,,,2,,2,,,
薔薇,chèse,t͡ɕə̀sə,چس,chV̀se,chV̀se,,,,2,,2,,,
花粉,chuá,t͡ɕʊä́,چو,chuV́,chuV́,,,,1,7,1,,,
野花,chuó,t͡ɕʊɵ́,چو,chuV́,chuV́,,,,3,7,3,,,
芽,zai,d͡zäɪ,زي,zVi,zVi,,,,1,,1,,,
つぼみ,chóu,t͡ɕɵ́ʊ,چو,chV́u,chV́u,,,,3,,3,,,
苗,hhàn,hä̀n,حن,hhV̀n,hhV̀n,,,,1,8,1,,,
実生,hlail,l̥äɪl,هليل,hlVil,hlVil,,,,1,,1,,,
苗床,hhìn,hɨ̀n,حن,hhV̀n,hhV̀n,,,,4,8,4,,,
喜ぶ,hliābe,l̥ɪǟbə,هليب,hliV̄,hliV̄-be,,,,1,,1,,,×
楽しむ,qabe,qäbə,قب,qV,qV-be,,,,1,,1,,,×
鮫,wuā,wʊǟ,وو,wuV̄,wuV̄,,,,1,,1,,,
鯨,hnàu,n̥ä̀ʊ,هنو,hnV̀u,hnV̀u,,,,1,,1,,,
海豚,buā,bʊǟ,بو,buV̄,buV̄,,,,1,,1,,,
蛸,zián,d͡zɪä́n,زين,ziV́n,ziV́n,,,,1,,1,,,
烏賊,cau,t͡säʊ,ڃو,cVu,cVu,,,,1,,1,,,
珊瑚,wió,wɪɵ́,وي,wiV́,wiV́,,,,3,,3,,,
開く,hnuānyïbe,n̥ʊǟɲɨbə,هنوڽب,hnuV̄ny,hnuV̄ny-ïbe,,,,1,,1,,,×
閉じる,hmāube,m̥ǟʊbə,هموب,hmV̄u,hmV̄u-be,,,,1,,1,,,×
蟹,xòu,χɵ̀ʊ,خو,xV̀u,xV̀u,,,,3,,3,,,
海老,kēi,kə̄ɪ,كي,kV̄i,kV̄i,,,,2,,2,,,
貝,feishe,ɸəɪɕə,فيش,fVishe,fVishe,,,,2,,2,,,
見習い,hā,ɦǟ,ع,hV̄,hV̄,,,,1,,1,,,
弟子,wiár,wɪä́r,وير,wiV́r,wiV́r,,,,1,,1,,,
教える,kuābe,kʊǟbə,كوب,kuV̄,kuV̄-be,,,,1,,1,,,×
習う,ziàïbe,d͡zɪä̀ɨbə,زيب,ziV̀,ziV̀-ïbe,,,,1,,1,,,×
学者（男/未婚女/既婚女）,bāte/bēte/bōte,bǟtə/bə̄tə/bɵ̄tə,بت/بت/بت,bV̄te,bV̄te,,,,,,,,,
先生,hhaing,häɪŋ,حيﯓ,hhVing,hhVing,,,,1,,1,,,
茎,ziā,d͡zɪǟ,زي,ziV̄,ziV̄,,,,1,,1,,,
枝,sháushe,ɕä́ʊɕə,شوش,shV́ushe,shV́ushe,,,,1,,1,,,
幹,háu,ɦä́ʊ,عو,hV́u,hV́u,,,,1,,1,,,
若芽,araun,äräʊn,ارون,rVun,a-rVun,,,,1,9,1,,,×
若木,raun,räʊn,رون,rVun,rVun,,,,1,9,1,,,
蔓,hhéi,hə́ɪ,حي,hhV́i,hhV́i,,,,2,,2,,,
藤,fuéshe,ɸʊə́ɕə,فوش,fuV́she,fuV́she,,,,2,,2,,,
葉脈,chē,t͡ɕə̄,چ,chV̄,chV̄,,,,2,,2,,,
嗅覚,ggau,ɢäʊ,ڠو,ggVu,ggVu,,,,1,,1,,,
味覚,xā,χǟ,خ,xV̄,xV̄,,,,1,,1,,,
触覚,hnia,n̥ɪä,هني,hniV,hniV,,,,1,,1,,,
失明,rē,rə̄,ر,rV̄,rV̄,,,,2,,2,,,
難聴,qéu,qə́ʊ,قو,qV́u,qV́u,,,,2,,2,,,
感じる,hāisïbe,ɦǟɪsɨbə,عيسب,hV̄ise,hV̄is-ïbe,,,,1,,1,,,×
気づく,saube,säʊbə,سوب,sVu,sVu-be,,,,1,,1,,,×
つまり,hluō,l̥ʊɵ̄,هلو,hluV̄,hluV̄,,,,3,,3,,,
岩,hrá,r̥ä́,هر,hrV́,hrV́,,,,1,,1,,,
礫,bā,bǟ,ب,bV̄,bV̄,,,,1,,1,,,
断崖,fiō,ɸɪɵ̄,في,fiV̄,fiV̄,,,,3,,3,,,
頬,fe,ɸə,ف,fV,fV,,,,2,,2,,,
額,mòu,mɵ̀ʊ,مو,mV̀u,mV̀u,,,,3,,3,,,
こめかみ,uór,ʊɵ́r,ور,uV́r,uV́r,,,,3,,3,,,
顔色,toi,tɵɪ,تي,tVi,tVi,,,,3,,3,,,
願う,ganyïbe,gäɲɨbə,گڽب,gVny,gVny-ïbe,,,,1,,1,,,×
若さ,reun,rəʊn,رون,rVun,rVun,,,,2,9,2,,,
若い,raunár,räʊnä́r,رونر,rVun,rVun-ár,,,,1,9,1,,,×
霧,hhia,hɪä,حي,hhiV,hhiV,,,,1,,1,,,
露,tài,tä̀ɪ,تي,tV̀i,tV̀i,,,,1,,1,,,
霜,ghiān,ʁɪǟn,غين,ghiV̄n,ghiV̄n,,,,1,,1,,,
雷,nàishe,nä̀ɪɕə,نيش,nV̀ishe,nV̀ishe,,,,1,,1,,,
稲妻,jiā,d͡ʑɪǟ,جي,jiV̄,jiV̄,,,,1,,1,,,
嵐,ggā,ɢǟ,ڠ,ggV̄,ggV̄,,,,1,,1,,,
風,liá,lɪä́,لي,liV́,liV́,,,,1,,1,,,
虹,hria,r̥ɪä,هري,hriV,hriV,,,,1,,1,,,
祭司,zā,d͡zǟ,ز,zV̄,zV̄,,,,1,,1,,,
樹皮,tēny,tə̄ɲ,تڽ,tV̄ny,tV̄ny,,,,2,10,2,,,
樹液,tāny,tǟɲ,تڽ,tV̄ny,tV̄ny,,,,1,10,1,,,
祈り手,hluàál,l̥ʊä̀ä́l,هلول,hluV̀,hluV̀-ál,,,,1,11,1,,,×
春,càng,t͡sä̀ŋ,ڃﯓ,cV̀ng,cV̀ng,,,,1,,1,,,
夏,xa,χä,خ,xV,xV,,,,1,,1,,,
秋,xiày,χɪä̀j,خيي,xiV̀y,xiV̀y,,,,1,,1,,,
冬,shuá,ɕʊä́,شو,shuV́,shuV́,,,,1,,1,,,
季節,tuóng,tʊɵ́ŋ,توﯓ,tuV́ng,tuV́ng,,,,3,,3,,,
覚える,kuábe,kʊä́bə,كوب,kuV́,kuV́-be,,,,1,,1,,,×
思い出す,ghabe,ʁäbə,غب,ghV,ghV-be,,,,1,,1,,,×
忘れる,cāibe,t͡sǟɪbə,ڃيب,cV̄i,cV̄i-be,,,,1,,1,,,×
記憶,hmié,m̥ɪə́,همي,hmiV́,hmiV́,,,,2,,2,,,
起きる,ggábe,ɢä́bə,ڠب,ggV́,ggV́-be,,,,1,,1,,,×
目覚める,huābe,ɦʊǟbə,عوب,huV̄,huV̄-be,,,,1,,1,,,×
空腹,jau,d͡ʑäʊ,جو,jVu,jVu,,,,1,,1,,,
渇き,cāum,t͡sǟʊm,ڃوم,cV̄um,cV̄um,,,,1,,1,,,
疑う,qaibe,qäɪbə,قيب,qVi,qVi-be,,,,1,,1,,,×
すくう,naunyïbe,näʊɲɨbə,نوڽب,nVuny,nVuny-ïbe,,,,1,,1,,,×
客,amál,ämä́l,امل,m,a-m-ál,,,,,,,,,×
腰,buāny,bʊǟɲ,بوڽ,buV̄ny,buV̄ny,,,,1,,1,,,
ひざ,ī,ɨ̄,ا,V́i,V́i,,,,4,,4,,,
踏む,nāube,nǟʊbə,نوب,nV̄u,nV̄u-be,,,,1,,1,,,×
蹴る,biàlbe,bɪä̀lbə,بيلب,biV̀l,biV̀l-be,,,,1,,1,,,×
跳ぶ,qábe,qä́bə,قب,qV́,qV́-be,,,,1,,1,,,×
跳ねる,sáube,sä́ʊbə,سوب,sV́u,sV́u-be,,,,1,,1,,,×
這う,hriasïbe,r̥ɪäsɨbə,هريسب,hriVse,hriVs-ïbe,,,,1,,1,,,×
ところが,kói,kɵ́ɪ,كي,kV́i,kV́i,,,,3,,3,,,
影響,rau,räʊ,رو,rVu,rVu,,,,1,,1,,,
救う,gàlbe,gä̀lbə,گلب,gV̀l,gV̀l-be,,,,1,,1,,,×
助ける,chàbe,t͡ɕä̀bə,چب,chV̀,chV̀-be,,,,1,,1,,,×
断る,tāibe,tǟɪbə,تيب,tV̄i,tV̄i-be,,,,1,,1,,,×
境界,gēu,gə̄ʊ,گو,gV̄u,gV̄u,,,,2,,2,,,
節目,siō,sɪɵ̄,سي,siV̄,siV̄,,,,3,,3,,,
強い,fār,ɸǟr,فر,fV̄,fV̄-r,,,,1,,1,,,×
弱い,lār,lǟr,لر,lV̄,lV̄-r,,,,1,,1,,,×
恐れおののく,ráube,rä́ʊbə,روب,rV́u,rV́u-be,,,,1,,1,,,×
腱,hhuò,hʊɵ̀,حو,hhuV̀,hhuV̀,,,,3,,3,,,
筋肉,fàur,ɸä̀ʊr,فور,fV̀ur,fV̀ur,,,,1,,1,,,
骨髄,ggīshe,ɢɨ̄ɕə,ڠش,ggV́ishe,ggV́ishe,,,,4,,4,,,
関節,uï,ʊɨ,و,uV,uV,,,,4,,4,,,
神経,hluāny,l̥ʊǟɲ,هلوڽ,hluV̄ny,hluV̄ny,,,,1,,1,,,
きのこ,wuá,wʊä́,وو,wuV́,wuV́,,,,1,,1,,,
菌,ciāse,t͡sɪǟsə,ڃيس,ciV̄se,ciV̄se,,,,1,,1,,,
隣人,ruā,rʊǟ,رو,ruV̄,ruV̄,,,,1,,1,,,
隣国民,wāi,wǟɪ,وي,wV̄i,wV̄i,,,,1,,1,,,
民衆,bió,bɪɵ́,بي,biV́,biV́,,,,3,,3,,,
群衆,due,dʊə,دو,duV,duV,,,,2,,2,,,
契り,guìy,gʊɨ̀j,گوي,guV̀y,guV̀y,,,,4,,4,,,
丸い,xàilár,χä̀ɪlä́r,خيلر,xV̀il,xV̀il-ár,,,,1,,1,,,×
四角い,hnàr,n̥ä̀r,هنر,hnV̀,hnV̀-r,,,,1,,1,,,×
企てる,yiānïbe,jɪǟnɨbə,يينب,yiV̄n,yiV̄n-ïbe,,,,1,,1,,,×
企む,qaulbe,qäʊlbə,قولب,qVul,qVul-be,,,,1,,1,,,×
解く,hhaunïbe,häʊnɨbə,حونب,hhVun,hhVun-ïbe,,,,1,,1,,,×
縛る,maibe,mäɪbə,ميب,mVi,mVi-be,,,,1,,1,,,×
締める,kaube,käʊbə,كوب,kVu,kVu-be,,,,1,,1,,,×
緩める,ruábe,rʊä́bə,روب,ruV́,ruV́-be,,,,1,,1,,,×
縄,ròum,rɵ̀ʊm,روم,rV̀um,rV̀um,,,,3,,3,,,
網,míu,mɨ́ʊ,مو,mV́u,mV́u,,,,4,,4,,,
針,rèi,rə̀ɪ,ري,rV̀i,rV̀i,,,,2,,2,,,
先月,ōishe,ɵ̄ɪɕə,ايش,V̄ishe,V̄ishe,,,,3,,3,,,
来月,dói,dɵ́ɪ,دي,dV́i,dV́i,,,,3,,3,,,
嫌う,ggiábe,ɢɪä́bə,ڠيب,ggiV́,ggiV́-be,,,,1,,1,,,×
妬む,kaulïbe,käʊlɨbə,كولب,kVul,kVul-ïbe,,,,1,,1,,,×
憎む,shàunyïbe,ɕä̀ʊɲɨbə,شوڽب,shV̀uny,shV̀uny-ïbe,,,,1,,1,,,×
屋敷,qīshe,qɨ̄ɕə,قش,qiV̀she,qiV̀she,,,,4,,4,,,
見込む,yābe,jǟbə,يب,yV̄,yV̄-be,,,,1,,1,,,×
祈る,hluàbe,l̥ʊä̀bə,هلوب,hluV̀,hluV̀-be,,,,1,11,1,,,×
息,riā,rɪǟ,ري,riV̄,riV̄,,,,1,,1,,,
呼吸,xiòny,χɪɵ̀ɲ,خيڽ,xiV̀ny,xiV̀ny,,,,3,,3,,,
くしゃみ,tï,tɨ,ت,tV,tV,,,,4,,4,,,
せき,xáu,χä́ʊ,خو,xV́u,xV́u,,,,1,,1,,,
狐火,wuì,wʊɨ̀,وو,wuV̀,wuV̀,,,,4,,4,,,
悔やむ,dáushïbe,dä́ʊɕɨbə,دوشب,dV́ushe,dV́ush-ïbe,,,,1,,1,,,×
語り手,hnāu,n̥ǟʊ,هنو,hnV̄u,hnV̄u,,,,1,,1,,,
噂,chī,t͡ɕɨ̄,چ,chiV̀,chiV̀,,,,4,,4,,,
市場,dáum,dä́ʊm,دوم,dV́um,dV́um,,,,1,,1,,,
屋台,tākiá,tǟkɪä́,تكي,tV̄kiV́,tV̄kiV́,,,,,,,,,
日陰,riang,rɪäŋ,ريﯓ,riVng,riVng,,,,1,,1,,,
祈願する,hluàjVbe,l̥ʊä̀d͡ʑβbə,هلوجڤب,hluV̀,hluV̀-jV-be,,,,1,11,1,,,×
希望,kiel,kɪəl,كيل,kiVl,kiVl,,,,2,12,2,,,
公平,hheur,həʊr,حور,hhVur,hhVur,,,,2,,2,,,
不公平,peiny,pəɪɲ,پيڽ,pViny,pViny,,,,2,,2,,,
唇,xie,χɪə,خي,xiV,xiV,,,,2,,2,,,
あご,wī,wɨ̄,و,wVi,wVi,,,,4,,4,,,
歯茎,díu,dɨ́ʊ,دو,dV́u,dV́u,,,,4,,4,,,
歯並び,gguòy,ɢʊɵ̀j,ڠوي,gguV̀y,gguV̀y,,,,3,,3,,,
喉,rōu,rɵ̄ʊ,رو,rV̄u,rV̄u,,,,3,,3,,,
のどぼとけ,ggàiny,ɢä̀ɪɲ,ڠيڽ,ggV̀iny,ggV̀iny,,,,1,,1,,,
声帯,bī,bɨ̄,ب,bV̀i,bV̀i,,,,4,,4,,,
工夫する,diàbe,dɪä̀bə,ديب,diV̀,diV̀-be,,,,1,,1,,,×
工夫,hriā,r̥ɪǟ,هري,hriV̄,hriV̄,,,,1,,1,,,
鍛冶,ció,t͡sɪɵ́,ڃي,ciV́,ciV́,,,,3,,3,,,
幸い,zïu,d͡zɨʊ,زو,zVu,zVu,,,,4,,4,,,
災い,hròu,r̥ɵ̀ʊ,هرو,hrV̀u,hrV̀u,,,,3,,3,,,
柱,sóy,sɵ́j,سي,sV́y,sV́y,,,,3,,3,,,
梁,hniá,n̥ɪä́,هني,hniV́,hniV́,,,,1,,1,,,
石垣,nue,nʊə,نو,nuV,nuV,,,,2,,2,,,
舟,zuï,d͡zʊɨ,زو,zuV,zuV,,,,4,,4,,,
帆,ggï,ɢɨ,ڠ,ggV,ggV,,,,4,,4,,,
舵,ghuī,ʁʊɨ̄,غو,ghuV̄,ghuV̄,,,,4,,4,,,
櫂,mī,mɨ̄,م,miV,miV,,,,4,,4,,,
港,hlàny,l̥ä̀ɲ,هلڽ,hlV̀ny,hlV̀ny,,,,1,,1,,,
水路,ghòshe,ʁɵ̀ɕə,غش,ghV̀she,ghV̀she,,,,3,,3,,,
丘,hhá,hä́,ح,hhV́,hhV́,,,,1,,1,,,
崖,vōu,βɵ̄ʊ,ڤو,vV̄u,vV̄u,,,,3,,3,,,
峠,záuny,d͡zä́ʊɲ,زوڽ,zV́uny,zV́uny,,,,1,,1,,,
絶望,kiol,kɪɵl,كيل,kiVl,kiVl,,,,3,12,3,,,
見込み,bei,bəɪ,بي,bVi,bVi,,,,2,13,2,,,
見つける,baibe,bäɪbə,بيب,bVi,bVi-be,,,,1,13,1,要確認（系列ズレ候補）,,×
高原,juò,d͡ʑʊɵ̀,جو,juV̀,juV̀,,,,3,,3,,,
高い,hàir,ɦä̀ɪr,عير,hV̀i,hV̀i-r,,,,1,,1,,,×
低い,huár,ɦʊä́r,عور,huV́,huV́-r,,,,1,,1,,,×
麦,nò,nɵ̀,ن,nV̀,nV̀,,,,3,,3,,,
稲,diō,dɪɵ̄,دي,diV̄,diV̄,,,,3,,3,,,
米,rìm,rɨ̀m,رم,rV̀m,rV̀m,,,,,,,,,
インディカ米,kïlàrìm,kɨlä̀rɨ̀m,كلرم,rV̀m,kïlà-rV̀m,,,,,,,,,×
ジャポニカ米,nòrìm,nɵ̀rɨ̀m,نرم,rV̀m,nò-rV̀m,,,,,,,,,×
粟,amatāu,ämätǟʊ,امتو,mVtV̄u,a-mVtV̄u,,,,,,,,,×
豆,dè,də̀,د,dV̀,dV̀,,,,2,,2,,,
胡麻,là,lä̀,ل,lV̀,lV̀,,,,1,,1,,,
見失う,pobaibe,pɵbäɪbə,پبيب,bVi,po-bVi-be,,,,1,13,1,類似例,,×
収穫,kòur,kɵ̀ʊr,كور,kV̀ur,kV̀ur,,,,3,,3,,,
種まき,do,dɵ,د,dV,dV,,,,3,,3,,,
穀物,gī,gɨ̄,گ,giV,giV,,,,4,,4,,,
見守る,sèbaibe,sə̀bäɪbə,سبيب,bVi,sè-bVi-be,,,,1,13,1,要確認（系列ズレ候補）,,×
麦飯,hliàshe,l̥ɪä̀ɕə,هليش,hliV̀she,hliV̀she,,,,1,,1,,,
夫婦,gī,gɨ̄,گ,gV́i,gV́i,,,,4,,4,,,
婚約,qié,qɪə́,قي,qiV́,qiV́,,,,2,,2,,,
婚礼,pēu,pə̄ʊ,پو,pV̄u,pV̄u,,,,2,,2,,,
見張る,baijVbe,bäɪd͡ʑβbə,بيجڤب,bVi,bVi-jV-be,,,,1,13,1,,,×
見渡す,abaibe,äbäɪbə,ابيب,bVi,a-bVi-be,,,,1,13,1,類似例,,×
早朝,buany,bʊäɲ,بوڽ,buVny,buVny,,,,1,14,1,,,
朝焼け,bueny,bʊəɲ,بوڽ,buVny,buVny,,,,2,14,2,,,
車輪,chīu,t͡ɕɨ̄ʊ,چو,chV̄u,chV̄u,,,,4,15,4,,,
車台,yïchīu,jɨt͡ɕɨ̄ʊ,يچو,chV̄u,yï-chV̄u,,,,4,15,4,,,×
婿,gai,gäɪ,گي,gVi,gVi,,,,1,,1,,,
嫁,mēi,mə̄ɪ,مي,mV̄i,mV̄i,,,,2,,2,,,
芋,tiō,tɪɵ̄,تي,tiV̄,tiV̄,,,,3,,3,,,
混ぜる,kausïbe,käʊsɨbə,كوسب,kVuse,kVus-ïbe,,,,1,,1,,,×
始まり,xá,χä́,خ,xV́,xV́,,,,1,,1,,,
終わり,rīn,rɨ̄n,رن,rV̄in,rV̄in,,,,4,,4,,,
途中,hhuē,hʊə̄,حو,hhuV̄,hhuV̄,,,,2,,2,,,
伏せる,raibe,räɪbə,ريب,rVi,rVi-be,,,,1,,1,,,×
横たわる,siàbe,sɪä̀bə,سيب,siV̀,siV̀-be,,,,1,,1,,,×
末子,qīy,qɨ̄j,قي,qiV̄y,qiV̄y,,,,4,,4,,,
長子,hnány,n̥ä́ɲ,هنڽ,hnV́ny,hnV́ny,,,,1,,1,,,
養子,bíu,bɨ́ʊ,بو,bV́u,bV́u,,,,4,,4,,,
子孫,cuán/cuén,t͡sʊä́n/t͡sʊə́n,ڃون/ڃون,cuV́n,cuV́n,,,,,,,,,
示す,hriábe,r̥ɪä́bə,هريب,hriV́,hriV́-be,,,,1,,1,,,×
指す,ghábe,ʁä́bə,غب,ghV́,ghV́-be,,,,1,,1,,,×
ここ,ghuo,ʁʊɵ,غو,ghuV,ghuV,,,,3,,3,,,
そこ,biōm,bɪɵ̄m,بيم,biV̄m,biV̄m,,,,3,,3,,,
あそこ,qony,qɵɲ,قڽ,qVny,qVny,,,,3,,3,,,
こちら,nōi,nɵ̄ɪ,ني,nV̄i,nV̄i,,,,3,,3,,,
そちら,xiò,χɪɵ̀,خي,xiV̀,xiV̀,,,,3,,3,,,
あちら,jōu,d͡ʑɵ̄ʊ,جو,jV̄u,jV̄u,,,,3,,3,,,
指,yau,jäʊ,يو,yVu,yVu,,,,1,,1,,,
爪,hmà,m̥ä̀,هم,hmV̀,hmV̀,,,,1,,1,,,
支える,biānïbe,bɪǟnɨbə,بينب,biV̄n,biV̄n-ïbe,,,,1,,1,,,×
脂,yï,jɨ,ي,yV,yV,,,,4,,4,,,
肉汁,zo,d͡zɵ,ز,zV,zV,,,,3,,3,,,
番犬,yàgVnVl,jä̀gβnβl,يگڤنڤل,yV̀gVnV̄l,yV̀gVnV̄l,,,,1,16,1,,,
乳,suīte,sʊɨ̄tə,سوت,suV̄te,suV̄te,,,,,,,,,
番人,yà,jä̀,ي,yV̀,yV̀,,,,1,16,1,,,
守る,yáube,jä́ʊbə,يوب,yV́u,yV́u-be,,,,1,17,1,,,×
守り手,yáu,jä́ʊ,يو,yV́u,yV́u,,,,1,17,1,,,
のぞく,hmaibe,m̥äɪbə,هميب,hmVi,hmVi-be,,,,1,,1,,,×
眺める,pàbe,pä̀bə,پب,pV̀,pV̀-be,,,,1,,1,,,×
重い,chiar,t͡ɕɪär,چير,chiV,chiV-r,,,,1,18,1,,,×
重み,chie,t͡ɕɪə,چي,chiV,chiV,,,,2,18,2,,,
眩む,ghuábe,ʁʊä́bə,غوب,ghuV́,ghuV́-be,,,,1,,1,,,×
試す,qasïbe,qäsɨbə,قسب,qVse,qVs-ïbe,,,,1,,1,,,×
時刻,vō,βɵ̄,ڤ,vV̄,vV̄,,,,3,,3,,,
瞬間,qái,qä́ɪ,قي,qV́i,qV́i,,,,1,,1,,,
永遠,cèishe,t͡sə̀ɪɕə,ڃيش,cV̀ishe,cV̀ishe,,,,2,,2,,,
頃,yio,jɪɵ,يي,yiV,yiV,,,,3,,3,,,
すぐ,wō,wɵ̄,و,wV̄,wV̄,,,,3,,3,,,
やがて,vióse,βɪɵ́sə,ڤيس,viV́se,viV́se,,,,3,,3,,,
誇る,yàiyïbe,jä̀ɪjɨbə,يييب,yV̀iy,yV̀iy-ïbe,,,,1,,1,,,×
粗い,diár,dɪä́r,دير,diV́,diV́-r,,,,1,,1,,,×
細かい,ruāyr,rʊǟjr,روير,ruV̄y,ruV̄y-r,,,,1,,1,,,×
滑らか,hmainyr,m̥äɪɲr,هميڽر,hmViny,hmViny-r,,,,1,,1,,,×
ざらつく,xáir,χä́ɪr,خير,xV́i,xV́i-r,,,,1,,1,,,×
許す,hnáibe,n̥ä́ɪbə,هنيب,hnV́i,hnV́i-be,,,,1,,1,,,×
粥,ná,nä́,ن,nV́,nV́,,,,1,,1,,,
汁,ghài,ʁä̀ɪ,غي,ghV̀i,ghV̀i,,,,1,,1,,,
鍋,hnua,n̥ʊä,هنو,hnuV,hnuV,,,,1,,1,,,
炊事,gīuny,gɨ̄ʊɲ,گوڽ,gV̄uny,gV̄uny,,,,4,,4,,,
蒸気,a,ä,ا,V,V,,,,1,,1,,,
沸騰,mī,mɨ̄,م,mV́i,mV́i,,,,4,,4,,,
上がる,bāube,bǟʊbə,بوب,bV̄u,bV̄u-be,,,,1,19,1,,,×
荷,vió,βɪɵ́,ڤي,viV́,viV́,,,,3,,3,,,
上げる,bāujVbe,bǟʊd͡ʑβbə,بوجڤب,bV̄u,bV̄u-jV-be,,,,1,19,1,,,×
落ちる,xáirbe,χä́ɪrbə,خيرب,xV́ir,xV́ir-be,,,,1,20,1,,,×
拾う,qāibe,qǟɪbə,قيب,qV̄i,qV̄i-be,,,,1,,1,,,×
受け取る,zāulïbe,d͡zǟʊlɨbə,زولب,zV̄ul,zV̄ul-ïbe,,,,1,,1,,,×
落とす,xáirjVbe,χä́ɪrd͡ʑβbə,خيرجڤب,xV́ir,xV́ir-jV-be,,,,1,20,1,,,×
牧羊犬,rua,rʊä,رو,ruV,ruV,,,,1,,1,,,
伸びる,shàibe,ɕä̀ɪbə,شيب,shV̀i,shV̀i-be,,,,1,21,1,,,×
防ぐ,làlïbe,lä̀lɨbə,للب,lV̀l,lV̀l-ïbe,,,,1,,1,,,×
伸ばす,shàijVbe,ɕä̀ɪd͡ʑβbə,شيجڤب,shV̀i,shV̀i-jV-be,,,,1,21,1,,,×
体,cá,t͡sä́,ڃ,cV́,cV́,,,,1,22,1,,,
持つ,tairïbe,täɪrɨbə,تيرب,tVir,tVir-ïbe,,,,1,,1,,,×
掴む,ràbe,rä̀bə,رب,rV̀,rV̀-be,,,,1,,1,,,×
握る,jáube,d͡ʑä́ʊbə,جوب,jV́u,jV́u-be,,,,1,,1,,,×
離す,suábe,sʊä́bə,سوب,suV́,suV́-be,,,,1,,1,,,×
獲物,ge,gə,گ,gV,gV,,,,2,,2,,,
狩猟犬,sāuse,sǟʊsə,سوس,sV̄use,sV̄use,,,,1,,1,,,
罠にかける,giābe,gɪǟbə,گيب,giV̄,giV̄-be,,,,1,,1,,,×
継承者,chiá,t͡ɕɪä́,چي,chiV́,chiV́,,,,1,,1,,,
後継者,jāuse,d͡ʑǟʊsə,جوس,jV̄use,jV̄use,,,,1,,1,,,
贈り物,hlīu,l̥ɨ̄ʊ,هلو,hlV̄u,hlV̄u,,,,4,,4,,,
交換,shiáy,ɕɪä́j,شيي,shiV́y,shiV́y,,,,1,,1,,,
取引,hriāny,r̥ɪǟɲ,هريڽ,hriV̄ny,hriV̄ny,,,,1,,1,,,
松,pei,pəɪ,پي,pVi,pVi,,,,2,,2,,,
杉,hmuò,m̥ʊɵ̀,همو,hmuV̀,hmuV̀,,,,3,,3,,,
木陰,cháun,t͡ɕä́ʊn,چون,chV́un,chV́un,,,,1,,1,,,
集まる,nuábe,nʊä́bə,نوب,nuV́,nuV́-be,,,,1,,1,,,×
散る,kabe,käbə,كب,kV,kV-be,,,,1,,1,,,×
群れ,jòiy,d͡ʑɵ̀ɪj,جيي,jV̀iy,jV̀iy,,,,3,,3,,,
巣,shì,ɕɨ̀,ش,shV̀,shV̀,,,,4,,4,,,
庭,hnaiy,n̥äɪj,هنيي,hnViy,hnViy,,,,1,,1,,,
畑,hī,ɦɨ̄,ع,hiV̄,hiV̄,,,,4,,4,,,
田,rīng,rɨ̄ŋ,رﯓ,rVing,rVing,,,,4,,4,,,
牧場,coi,t͡sɵɪ,ڃي,cVi,cVi,,,,3,,3,,,
囲い,wuòn,wʊɵ̀n,وون,wuV̀n,wuV̀n,,,,3,,3,,,
柵,ca,t͡sä,ڃ,cV,cV,,,,1,,1,,,
井戸,māu,mǟʊ,مو,mV̄u,mV̄u,,,,1,,1,,,
屋根,jī,d͡ʑɨ̄,ج,jV̄i,jV̄i,,,,4,,4,,,
戸,hnuá,n̥ʊä́,هنو,hnuV́,hnuV́,,,,1,,1,,,
扉,giè,gɪə̀,گي,giV̀,giV̀,,,,2,,2,,,
窓,kī,kɨ̄,ك,kiV,kiV,,,,4,,4,,,
部屋,fīng,ɸɨ̄ŋ,فﯓ,fiV̄ng,fiV̄ng,,,,4,,4,,,
壁,duēng,dʊə̄ŋ,دوﯓ,duV̄ng,duV̄ng,,,,2,,2,,,
床,hmial,m̥ɪäl,هميل,hmiVl,hmiVl,,,,1,,1,,,
天井,hhiō,hɪɵ̄,حي,hhiV̄,hhiV̄,,,,3,,3,,,
階段,kēng,kə̄ŋ,كﯓ,kV̄ng,kV̄ng,,,,2,,2,,,
空っぽな,aur,äʊr,اور,Vu,Vu-r,,,,1,,1,,,×
満ちた,jār,d͡ʑǟr,جر,jV̄,jV̄-r,,,,1,,1,,,×
奴隷,cāim,t͡sǟɪm,ڃيم,cV̄im,cV̄im,,,,1,,1,,,
捕虜,hnai,n̥äɪ,هني,hnVi,hnVi,,,,1,,1,,,
体温,cé,t͡sə́,ڃ,cV́,cV́,,,,2,22,2,,,
軽い,xuár,χʊä́r,خور,xuV́,xuV́-r,,,,1,,1,,,×
体格,sècá,sə̀t͡sä́,سڃ,cV́,sè-cV́,,,,1,22,1,,,×
隠れる,páumïbe,pä́ʊmɨbə,پومب,pV́um,pV́um-ïbe,,,,1,,1,,,×
潜む,vāushïbe,βǟʊɕɨbə,ڤوشب,vV̄ushe,vV̄ush-ïbe,,,,1,,1,,,×
現れる,pāinyïbe,pǟɪɲɨbə,پيڽب,pV̄iny,pV̄iny-ïbe,,,,1,,1,,,×
消える,fuābe,ɸʊǟbə,فوب,fuV̄,fuV̄-be,,,,1,,1,,,×
備える,yàibe,jä̀ɪbə,ييب,yV̀i,yV̀i-be,,,,1,,1,,,×
まず,hniōr,n̥ɪɵ̄r,هنير,hniV̄r,hniV̄r,,,,3,,3,,,
順序,hráu,r̥ä́ʊ,هرو,hrV́u,hrV́u,,,,1,,1,,,
先,fòuny,ɸɵ̀ʊɲ,فوڽ,fV̀uny,fV̀uny,,,,3,,3,,,
後,puō,pʊɵ̄,پو,puV̄,puV̄,,,,3,,3,,,
以前,ggiō,ɢɪɵ̄,ڠي,ggiV̄,ggiV̄,,,,3,,3,,,
以後,ghóu,ʁɵ́ʊ,غو,ghV́u,ghV́u,,,,3,,3,,,
傷,vueshe,βʊəɕə,ڤوش,vuVshe,vuVshe,,,,2,,2,,,
けが,ghiém,ʁɪə́m,غيم,ghiV́m,ghiV́m,,,,2,,2,,,
やけど,ggòu,ɢɵ̀ʊ,ڠو,ggV̀u,ggV̀u,,,,3,,3,,,
あざ,jiol,d͡ʑɪɵl,جيل,jiVl,jiVl,,,,3,,3,,,
しびれ,hour,ɦɵʊr,عور,hVur,hVur,,,,3,,3,,,
痛み,sua,sʊä,سو,suV,suV,,,,1,,1,,,
かゆみ,làu,lä̀ʊ,لو,lV̀u,lV̀u,,,,1,,1,,,
まひ,só,sɵ́,س,sV́,sV́,,,,3,,3,,,
勝ち,duál,dʊä́l,دول,duV́l,duV́l,,,,1,,1,,,
負け,ró,rɵ́,ر,rV́,rV́,,,,3,,3,,,
登る,piàbe,pɪä̀bə,پيب,piV̀,piV̀-be,,,,1,,1,,,×
下る,yuásïbe,jʊä́sɨbə,يوسب,yuV́se,yuV́s-ïbe,,,,1,,1,,,×
降りる,zianïbe,d͡zɪänɨbə,زينب,ziVn,ziVn-ïbe,,,,1,,1,,,×
体液,sècé,sə̀t͡sə́,سڃ,cV́,sè-cV́,,,,2,22,2,,,×
曾祖父,hiá,ɦɪä́,عي,hiV́,hiV́,,,,1,23,1,,,
曾祖母,hié,ɦɪə́,عي,hiV́,hiV́,,,,2,23,2,,,
先祖,yïhiá,jɨɦɪä́,يعي,hiV́,yï-hiV́,,,,1,23,1,,,×
肩,cō,t͡sɵ̄,ڃ,cV̄,cV̄,,,,3,,3,,,
ひじ,ghāul,ʁǟʊl,غول,ghV̄ul,ghV̄ul,,,,1,,1,,,
笑み,hhíu,hɨ́ʊ,حو,hhV́u,hhV́u,,,,4,,4,,,
泣き叫ぶ,nālïbe,nǟlɨbə,نلب,nV̄l,nV̄l-ïbe,,,,1,,1,,,×
もし,foi,ɸɵɪ,في,fVi,fVi,,,,3,,3,,,
たとえ,óum,ɵ́ʊm,اوم,V́um,V́um,,,,3,,3,,,
錘,yīse,jɨ̄sə,يس,yiV́se,yiV́se,,,,4,,4,,,
織り機,hrase,r̥äsə,هرس,hrVse,hrVse,,,,1,,1,,,
紡ぎ車,fì,ɸɨ̀,ف,fV̀,fV̀,,,,4,,4,,,
織り台,ghàu,ʁä̀ʊ,غو,ghV̀u,ghV̀u,,,,1,,1,,,
触れる,chabe,t͡ɕäbə,چب,chV,chV-be,,,,1,,1,,,×
撫でる,xāsïbe,χǟsɨbə,خسب,xV̄se,xV̄s-ïbe,,,,1,,1,,,×
触る,wàbe,wä̀bə,وب,wV̀,wV̀-be,,,,1,,1,,,×
皿,liāny,lɪǟɲ,ليڽ,liV̄ny,liV̄ny,,,,1,,1,,,
椀,shue,ɕʊə,شو,shuV,shuV,,,,2,,2,,,
杯,yuà,jʊä̀,يو,yuV̀,yuV̀,,,,1,,1,,,
壺,hraun,r̥äʊn,هرون,hrVun,hrVun,,,,1,,1,,,
瓶,peu,pəʊ,پو,pVu,pVu,,,,2,,2,,,
桶,ài,ä̀ɪ,اي,V̀i,V̀i,,,,1,,1,,,
手桶,hma,m̥ä,هم,hmV,hmV,,,,1,,1,,,
賢い,piār,pɪǟr,پير,piV̄,piV̄-r,,,,1,24,1,,,×
賢者,piē,pɪə̄,پي,piV̄,piV̄,,,,2,24,2,,,
信頼する,chaurïbe,t͡ɕäʊrɨbə,چورب,chVur,chVur-ïbe,,,,1,,1,,,×
信義,réim,rə́ɪm,ريم,rV́im,rV́im,,,,2,,2,,,
寝返り,hmī,m̥ɨ̄,هم,hmV̄,hmV̄,,,,4,,4,,,
寝床,huì,ɦʊɨ̀,عو,huV̀,huV̀,,,,4,,4,,,
枕,yïng,jɨŋ,يﯓ,yVng,yVng,,,,4,,4,,,
毛布,shóu,ɕɵ́ʊ,شو,shV́u,shV́u,,,,3,,3,,,
敷物,zēny,d͡zə̄ɲ,زڽ,zV̄ny,zV̄ny,,,,2,,2,,,
深い,mār,mǟr,مر,mV̄,mV̄-r,,,,1,,1,,,×
浅い,lar,lär,لر,lV,lV-r,,,,1,,1,,,×
親族,hhuēny,hʊə̄ɲ,حوڽ,hhuV̄ny,hhuV̄ny,,,,2,,2,,,
家族,piéy,pɪə́j,پيي,piV́y,piV́y,,,,2,,2,,,
導く,hhàibe,hä̀ɪbə,حيب,hhV̀i,hhV̀i-be,,,,1,25,1,,,×
孤児,kiòng,kɪɵ̀ŋ,كيﯓ,kiV̀ng,kiV̀ng,,,,3,,3,,,
未亡人,hnèi,n̥ə̀ɪ,هني,hnV̀i,hnV̀i,,,,2,,2,,,
案内人,hhài,hä̀ɪ,حي,hhV̀i,hhV̀i,,,,1,25,1,,,
先導者,ahhài,ähä̀ɪ,احي,hhV̀i,a-hhV̀i,,,,1,25,1,,,×
洞穴,wèn,wə̀n,ون,wV̀n,wV̀n,,,,2,26,2,,,
姿勢,hlēuny,l̥ə̄ʊɲ,هلوڽ,hlV̄uny,hlV̄uny,,,,2,,2,,,
健康,vai,βäɪ,ڤي,vVi,vVi,,,,1,,1,,,
病人,dian,dɪän,دين,diVn,diVn,,,,1,,1,,,
ひとり,ló,lɵ́,ل,lV́,lV́,,,,3,,3,,,
ふたり,qoy,qɵj,قي,qVy,qVy,,,,3,,3,,,
洞窟,sèwèn,sə̀wə̀n,سون,wV̀n,sè-wV̀n,,,,2,26,2,,,×
幼児,dá,dä́,د,dV́,dV́,,,,1,,1,,,
青年,piál,pɪä́l,پيل,piV́l,piV́l,,,,1,,1,,,
壮年,rái,rä́ɪ,ري,rV́i,rV́i,,,,1,,1,,,
長老,zuàshe,d͡zʊä̀ɕə,زوش,zuV̀she,zuV̀she,,,,1,,1,,,
渦,wiàr,wɪä̀r,وير,wiV̀r,wiV̀r,,,,1,,1,,,
潮,nuāy,nʊǟj,نوي,nuV̄y,nuV̄y,,,,1,,1,,,
波,tiè,tɪə̀,تي,tiV̀,tiV̀,,,,2,,2,,,
しぶき,chōny,t͡ɕɵ̄ɲ,چڽ,chV̄ny,chV̄ny,,,,3,,3,,,
中州,hní,n̥ɨ́,هن,hnV́,hnV́,,,,4,,4,,,
袋,puoy,pʊɵj,پوي,puVy,puVy,,,,3,27,3,,,
皮袋,puay,pʊäj,پوي,puVy,puVy,,,,1,27,1,,,
島影,xiā,χɪǟ,خي,xiV̄,xiV̄,,,,1,,1,,,
沖,qō,qɵ̄,ق,qV̄,qV̄,,,,3,,3,,,
疲労,huel,ɦʊəl,عول,huVl,huVl,,,,2,,2,,,
老い,ghiā,ʁɪǟ,غي,ghiV̄,ghiV̄,,,,1,,1,,,
数える,giashe,gɪäɕə,گيش,giVshe,giVshe,,,,1,,1,,,
幾つか,xou,χɵʊ,خو,xVu,xVu,,,,3,,3,,,
正しい,yair,jäɪr,يير,yVi,yVi-r,,,,1,,1,,,×
誤った,riár,rɪä́r,رير,riV́,riV́-r,,,,1,,1,,,×
権利,hrīr,r̥ɨ̄r,هرر,hriV̀r,hriV̀r,,,,4,,4,,,
清い,luàr,lʊä̀r,لور,luV̀,luV̀-r,,,,1,,1,,,×
汚れた,dàimár,dä̀ɪmä́r,ديمر,dV̀im,dV̀im-ár,,,,1,,1,,,×
澄んだ,qàir,qä̀ɪr,قير,qV̀i,qV̀i-r,,,,1,,1,,,×
濁った,zàur,d͡zä̀ʊr,زور,zV̀u,zV̀u-r,,,,1,,1,,,×
へそ,dial,dɪäl,ديل,diVl,diVl,,,,1,,1,,,
妊娠,qēn,qə̄n,قن,qV̄n,qV̄n,,,,2,,2,,,
出産,bōuse,bɵ̄ʊsə,بوس,bV̄use,bV̄use,,,,3,,3,,,
産声,qau,qäʊ,قو,qVu,qVu,,,,1,,1,,,
狩人,vàu,βä̀ʊ,ڤو,vV̀u,vV̀u,,,,1,,1,,,
漁師,wau,wäʊ,وو,wVu,wVu,,,,1,,1,,,
農夫,shā,ɕǟ,ش,shV̄,shV̄,,,,1,,1,,,
農民,qár,qä́r,قر,qV́r,qV́r,,,,1,,1,,,
牧人,nià,nɪä̀,ني,niV̀,niV̀,,,,1,,1,,,
船乗り,chaul,t͡ɕäʊl,چول,chVul,chVul,,,,1,,1,,,
職人,hliá,l̥ɪä́,هلي,hliV́,hliV́,,,,1,,1,,,
商人,qáy,qä́j,قي,qV́y,qV́y,,,,1,,1,,,
旅人,magáse,mägä́sə,مگس,mVgV́se,mVgV́se,,,,,,,,,
詩人,riāshe,rɪǟɕə,ريش,riV̄she,riV̄she,,,,1,,1,,,
隠者,cháise,t͡ɕä́ɪsə,چيس,chV́ise,chV́ise,,,,1,,1,,,
誓う,hārïbe,ɦǟrɨbə,عرب,hV̄r,hV̄r-ïbe,,,,1,,1,,,×
安らぐ,ciabe,t͡sɪäbə,ڃيب,ciV,ciV-be,,,,1,,1,,,×
落ち着く,nāmïbe,nǟmɨbə,نمب,nV̄m,nV̄m-ïbe,,,,1,,1,,,×
静かな,ghàunár,ʁä̀ʊnä́r,غونر,ghV̀un,ghV̀un-ár,,,,1,,1,,,×
騒がしい,yuar,jʊär,يور,yuV,yuV-r,,,,1,,1,,,×
積む,pashïbe,päɕɨbə,پشب,pVshe,pVsh-ïbe,,,,1,,1,,,×
崩す,sianïbe,sɪänɨbə,سينب,siVn,siVn-ïbe,,,,1,,1,,,×
務め,gue,gʊə,گو,guV,guV,,,,2,,2,,,
責め,nio,nɪɵ,ني,niV,niV,,,,3,,3,,,
はさみ,yō,jɵ̄,ي,yV̄,yV̄,,,,3,,3,,,
鎌,vò,βɵ̀,ڤ,vV̀,vV̀,,,,3,,3,,,
斧,chiashe,t͡ɕɪäɕə,چيش,chiVshe,chiVshe,,,,1,,1,,,
刃,ghoi,ʁɵɪ,غي,ghVi,ghVi,,,,3,,3,,,
砥石,hmià,m̥ɪä̀,همي,hmiV̀,hmiV̀,,,,1,,1,,,
のこぎり,hrē,r̥ə̄,هر,hrV̄,hrV̄,,,,2,,2,,,
ただし,liòshe,lɪɵ̀ɕə,ليش,liV̀she,liV̀she,,,,3,,3,,,
けれど,wòir,wɵ̀ɪr,وير,wV̀ir,wV̀ir,,,,3,,3,,,
攻める,bāumïbe,bǟʊmɨbə,بومب,bV̄um,bV̄um-ïbe,,,,1,,1,,,×
襲う,náube,nä́ʊbə,نوب,nV́u,nV́u-be,,,,1,,1,,,×
斬る,jàinyïbe,d͡ʑä̀ɪɲɨbə,جيڽب,jV̀iny,jV̀iny-ïbe,,,,1,,1,,,×
射る,hiamïbe,ɦɪämɨbə,عيمب,hiVm,hiVm-ïbe,,,,1,,1,,,×
投げつける,kábe,kä́bə,كب,kV́,kV́-be,,,,1,,1,,,×
英雄,dār,dǟr,در,dV̄r,dV̄r,,,,1,,1,,,
兵士,kang,käŋ,كﯓ,kVng,kVng,,,,1,,1,,,
戦士,ya,jä,ي,yV,yV,,,,1,,1,,,
将軍,fá,ɸä́,ف,fV́,fV́,,,,1,,1,,,
糸,guàng,gʊä̀ŋ,گوﯓ,guV̀ng,guV̀ng,,,,1,,1,,,
布,váim,βä́ɪm,ڤيم,vV́im,vV́im,,,,1,,1,,,
織物,ggem,ɢəm,ڠم,ggVm,ggVm,,,,,,,,,
綿,biōny,bɪɵ̄ɲ,بيڽ,biV̄ny,biV̄ny,,,,3,,3,,,
麻,hmuā,m̥ʊǟ,همو,hmuV̄,hmuV̄,,,,1,,1,,,
あるいは,zó,d͡zɵ́,ز,zV́,zV́,,,,3,,3,,,
選ぶ,muabe,mʊäbə,موب,muV,muV-be,,,,1,,1,,,×
決める,tiábe,tɪä́bə,تيب,tiV́,tiV́-be,,,,1,,1,,,×
迷い直す,luàlïbe,lʊä̀lɨbə,لولب,luV̀l,luV̀l-ïbe,,,,1,,1,,,×
善,fuà,ɸʊä̀,فو,fuV̀,fuV̀,,,,1,,1,,,
悪徳,xī,χɨ̄,خ,xV̄i,xV̄i,,,,4,,4,,,
すべて,biā,bɪǟ,بي,biV̄,biV̄,,,,,,,,,
一部,hliáshe,l̥ɪä́ɕə,هليش,hliV́she,hliV́she,,,,1,,1,,,
祖父,adán,ädä́n,ادن,dV́n,a-dV́n,,,,,,,,,×
祖母,jéve,d͡ʑə́βə,جڤ,jV́ve,jV́ve,,,,,,,,,
袋物,tàpuoy,tä̀pʊɵj,تپوي,puVy,tà-puVy,,,,3,27,3,,,×
粉,chī,t͡ɕɨ̄,چ,chVi,chVi,,,,4,28,4,,,
粉をひく,chībe,t͡ɕɨ̄bə,چب,chVi,chVi-be,,,,4,28,4,,,×
失う,báiyïbe,bä́ɪjɨbə,بييب,bV́iy,bV́iy-ïbe,,,,1,,1,,,×
葬り,ggio,ɢɪɵ,ڠي,ggiV,ggiV,,,,3,,3,,,
喪,pòiy,pɵ̀ɪj,پيي,pV̀iy,pV̀iy,,,,3,,3,,,
ほうき,zuán,d͡zʊä́n,زون,zuV́n,zuV́n,,,,1,,1,,,
拭く,manïbe,mänɨbə,منب,mVn,mVn-ïbe,,,,1,,1,,,×
掃く,shiàsïbe,ɕɪä̀sɨbə,شيسب,shiV̀se,shiV̀s-ïbe,,,,1,,1,,,×
洗い流す,ghuàbe,ʁʊä̀bə,غوب,ghuV̀,ghuV̀-be,,,,1,,1,,,×
もう,woum,wɵʊm,ووم,wVum,wVum,,,,3,,3,,,
まだ,lóu,lɵ́ʊ,لو,lV́u,lV́u,,,,3,,3,,,
竹,duày,dʊä̀j,دوي,duV̀y,duV̀y,,,,1,,1,,,
葦,tìu,tɨ̀ʊ,تو,tV̀u,tV̀u,,,,4,,4,,,
藻,laga,lägä,لگ,lVgV,lVgV,,,,,,,,,
海藻,ghīushe,ʁɨ̄ʊɕə,غوش,ghV̄ushe,ghV̄ushe,,,,4,,4,,,
草原,hmīy,m̥ɨ̄j,همي,hmV̄y,hmV̄y,,,,4,,4,,,
牧草,fïshe,ɸɨɕə,فش,fVshe,fVshe,,,,4,,4,,,
雑草,píng,pɨ́ŋ,پﯓ,pV́ng,pV́ng,,,,4,,4,,,
ひき臼,tuó,tʊɵ́,تو,tuV́,tuV́,,,,3,28,3,,,
薬草,pió,pɪɵ́,پي,piV́,piV́,,,,3,,3,,,
毒草,vuony,βʊɵɲ,ڤوڽ,vuVny,vuVny,,,,3,,3,,,
速い,xuār,χʊǟr,خور,xuV̄,xuV̄-r,,,,1,,1,,,×
遅い,tiangár,tɪäŋä́r,تيﯓر,tiVng,tiVng-ár,,,,1,,1,,,×
早い,táusár,tä́ʊsä́r,توسر,tV́use,tV́us-ár,,,,1,,1,,,×
汗,lai,läɪ,لي,lVi,lVi,,,,1,,1,,,
脈,tuá,tʊä́,تو,tuV́,tuV́,,,,1,29,1,,,
涙腺,ziéy,d͡zɪə́j,زيي,ziV́y,ziV́y,,,,2,,2,,,
唾液,tiàshe,tɪä̀ɕə,تيش,tiV̀she,tiV̀she,,,,1,,1,,,
むしろ,óung,ɵ́ʊŋ,اوﯓ,V́ung,V́ung,,,,3,,3,,,
尋ねる,buangïbe,bʊäŋɨbə,بوﯓب,buVng,buVng-ïbe,,,,1,,1,,,×
答える,dābe,dǟbə,دب,dV̄,dV̄-be,,,,1,,1,,,×
忍ぶ,chiasïbe,t͡ɕɪäsɨbə,چيسب,chiVse,chiVs-ïbe,,,,1,,1,,,×
耐える,ruāsïbe,rʊǟsɨbə,روسب,ruV̄se,ruV̄s-ïbe,,,,1,,1,,,×
我慢する,jiabe,d͡ʑɪäbə,جيب,jiV,jiV-be,,,,1,,1,,,×
借り,xiá,χɪä́,خي,xiV́,xiV́,,,,1,,1,,,
貸し,hlā,l̥ǟ,هل,hlV̄,hlV̄,,,,1,,1,,,
盗む,tïnuábe,tɨnʊä́bə,تنوب,tïnuV́,tïnuV́-be,,,,,,,,,×
嘆く,ail,äɪl,ايل,Vil,Vil,,,,1,,1,,,
悲しむ,lárïbe,lä́rɨbə,لرب,lV́r,lV́r-ïbe,,,,1,,1,,,×
知恵,zèng,d͡zə̀ŋ,زﯓ,zV̀ng,zV̀ng,,,,2,,2,,,
脈拍,tué,tʊə́,تو,tuV́,tuV́,,,,2,29,2,,,
愚かな,hnàunár,n̥ä̀ʊnä́r,هنونر,hnV̀un,hnV̀un-ár,,,,1,,1,,,×
明け方,kīny,kɨ̄ɲ,كڽ,kiV̄ny,kiV̄ny,,,,4,30,4,,,
夜明け,kiōny,kɪɵ̄ɲ,كيڽ,kiV̄ny,kiV̄ny,,,,3,30,3,,,
仲間,tia,tɪä,تي,tiV,tiV,,,,1,,1,,,
相棒,huāshe,ɦʊǟɕə,عوش,huV̄she,huV̄she,,,,1,,1,,,
同僚,shān,ɕǟn,شن,shV̄n,shV̄n,,,,1,,1,,,
蜂,ziēshe,d͡zɪə̄ɕə,زيش,ziV̄she,ziV̄she,,,,2,,2,,,
蝶,hàing,ɦä̀ɪŋ,عيﯓ,hV̀ing,hV̀ing,,,,1,,1,,,
蛾,véu,βə́ʊ,ڤو,vV́u,vV́u,,,,2,,2,,,
蟻,xiōr,χɪɵ̄r,خير,xiV̄r,xiV̄r,,,,3,,3,,,
蚊,ciò,t͡sɪɵ̀,ڃي,ciV̀,ciV̀,,,,3,,3,,,
蝿,gheu,ʁəʊ,غو,ghVu,ghVu,,,,2,,2,,,
蜻蛉,chiél,t͡ɕɪə́l,چيل,chiV́l,chiV́l,,,,2,,2,,,
てんとう虫,cái,t͡sä́ɪ,ڃي,cV́i,cV́i,,,,1,,1,,,
蝉,hlè,l̥ə̀,هل,hlV̀,hlV̀,,,,2,,2,,,
毛虫,hrueny,r̥ʊəɲ,هروڽ,hruVny,hruVny,,,,2,,2,,,
芋虫,muēl,mʊə̄l,مول,muV̄l,muV̄l,,,,2,,2,,,
甲虫,jān,d͡ʑǟn,جن,jV̄n,jV̄n,,,,1,,1,,,
害虫,ggáu,ɢä́ʊ,ڠو,ggV́u,ggV́u,,,,1,,1,,,
聞こえる,páibe,pä́ɪbə,پيب,pV́i,pV́i-be,,,,1,,1,,,×
聞き分ける,shálïbe,ɕä́lɨbə,شلب,shV́l,shV́l-ïbe,,,,1,,1,,,×
塩,mīl,mɨ̄l,مل,mV̄l,mV̄l,,,,,,,,,
酢,wài,wä̀ɪ,وي,wV̀i,wV̀i,,,,1,,1,,,
味噌,jī,d͡ʑɨ̄,ج,jV́i,jV́i,,,,4,,4,,,
香草,luï,lʊɨ,لو,luV,luV,,,,4,,4,,,
鷲,fāi,ɸǟɪ,في,fV̄i,fV̄i,,,,1,,1,,,
鷹,ruáse,rʊä́sə,روس,ruV́se,ruV́se,,,,1,,1,,,
鳩,puōshe,pʊɵ̄ɕə,پوش,puV̄she,puV̄she,,,,3,,3,,,
鴉,ghèise,ʁə̀ɪsə,غيس,ghV̀ise,ghV̀ise,,,,2,,2,,,
雀,ruàshe,rʊä̀ɕə,روش,ruV̀she,ruV̀she,,,,1,,1,,,
白鳥,hiāse,ɦɪǟsə,عيس,hiV̄se,hiV̄se,,,,1,,1,,,
鶴,kiày,kɪä̀j,كيي,kiV̀y,kiV̀y,,,,1,,1,,,
鶏,muìse,mʊɨ̀sə,موس,muV̀se,muV̀se,,,,4,,4,,,
鴨,jièse,d͡ʑɪə̀sə,جيس,jiV̀se,jiV̀se,,,,2,,2,,,
梟,hréum,r̥ə́ʊm,هروم,hrV́um,hrV́um,,,,2,,2,,,
孔雀,cáuy,t͡sä́ʊj,ڃوي,cV́uy,cV́uy,,,,1,,1,,,
小鳥,juīse,d͡ʑʊɨ̄sə,جوس,juV̄se,juV̄se,,,,4,,4,,,
渡り鳥,hlàil,l̥ä̀ɪl,هليل,hlV̀il,hlV̀il,,,,1,,1,,,
海鳥,gāny,gǟɲ,گڽ,gV̄ny,gV̄ny,,,,1,,1,,,
橋,gguó,ɢʊɵ́,ڠو,gguV́,gguV́,,,,3,,3,,,
門,uí,ʊɨ́,و,uV́,uV́,,,,4,,4,,,
沼,yáin,jä́ɪn,يين,yV́in,yV́in,,,,1,,1,,,
湿地,wīu,wɨ̄ʊ,وو,wV̄u,wV̄u,,,,4,,4,,,
ほとんど,duō,dʊɵ̄,دو,duV̄,duV̄,,,,3,,3,,,
たいてい,fòny,ɸɵ̀ɲ,فڽ,fV̀ny,fV̀ny,,,,3,,3,,,
さらに,quo,qʊɵ,قو,quV,quV,,,,3,,3,,,
そして,yuòn,jʊɵ̀n,يون,yuV̀n,yuV̀n,,,,3,,3,,,
また,vuòy,βʊɵ̀j,ڤوي,vuV̀y,vuV̀y,,,,3,,3,,,
なお,vuo,βʊɵ,ڤو,vuV,vuV,,,,3,,3,,,
滑る,xaungïbe,χäʊŋɨbə,خوﯓب,xVung,xVung-ïbe,,,,1,,1,,,×
転ぶ,tuanïbe,tʊänɨbə,تونب,tuVn,tuVn-ïbe,,,,1,,1,,,×
転がる,ziábe,d͡zɪä́bə,زيب,ziV́,ziV́-be,,,,1,,1,,,×
伝える,ggaibe,ɢäɪbə,ڠيب,ggVi,ggVi-be,,,,1,,1,,,×
使者,sán,sä́n,سن,sV́n,sV́n,,,,1,,1,,,
掘る,hluáse,l̥ʊä́sə,هلوس,hluV́se,hluV́se,,,,1,,1,,,
埋める,nanïbe,nänɨbə,ننب,nVn,nVn-ïbe,,,,1,,1,,,×
怒鳴る,hráishïbe,r̥ä́ɪɕɨbə,هريشب,hrV́ishe,hrV́ish-ïbe,,,,1,,1,,,×
支配者,zāshe,d͡zǟɕə,زش,zV̄she,zV̄she,,,,1,,1,,,
族長,vāul,βǟʊl,ڤول,vV̄ul,vV̄ul,,,,1,,1,,,
村長,xàim,χä̀ɪm,خيم,xV̀im,xV̀im,,,,1,,1,,,
皇帝,ggase,ɢäsə,ڠس,ggVse,ggVse,,,,1,,1,,,
后,ggeun,ɢəʊn,ڠون,ggVun,ggVun,,,,2,,2,,,
冠,hēu,ɦə̄ʊ,عو,hV̄u,hV̄u,,,,2,,2,,,
帽子,liata,lɪätä,ليت,liVtV,liVtV,,,,,,,,,
つむじ,juā,d͡ʑʊǟ,جو,juV̄,juV̄,,,,1,,1,,,
ひげ,há,ɦä́,ع,hV́,hV́,,,,1,,1,,,
産毛,baur,bäʊr,بور,bVur,bVur,,,,1,,1,,,
ひれ,xuò,χʊɵ̀,خو,xuV̀,xuV̀,,,,3,,3,,,
えら,cēu,t͡sə̄ʊ,ڃو,cV̄u,cV̄u,,,,2,,2,,,
ひづめ,nàn,nä̀n,نن,nV̀n,nV̀n,,,,1,,1,,,
牙,viám,βɪä́m,ڤيم,viV́m,viV́m,,,,1,,1,,,
くちばし,guá,gʊä́,گو,guV́,guV́,,,,1,,1,,,
羽毛,ggī,ɢɨ̄,ڠ,ggV̄i,ggV̄i,,,,4,,4,,,
獣皮,zēiny,d͡zə̄ɪɲ,زيڽ,zV̄iny,zV̄iny,,,,2,,2,,,
焦る,máusïbe,mä́ʊsɨbə,موسب,mV́use,mV́us-ïbe,,,,1,,1,,,×
驚く,ggàrïbe,ɢä̀rɨbə,ڠرب,ggV̀r,ggV̀r-ïbe,,,,1,,1,,,×
うろたえる,piányïbe,pɪä́ɲɨbə,پيڽب,piV́ny,piV́ny-ïbe,,,,1,,1,,,×
年明け,kiāny,kɪǟɲ,كيڽ,kiV̄ny,kiV̄ny,,,,1,30,1,,,
約束,puì,pʊɨ̀,پو,puV̀,puV̀,,,,4,31,4,,,
誓約,yïpuì,jɨpʊɨ̀,يپو,puV̀,yï-puV̀,,,,4,31,4,,,×
友,gháir,ʁä́ɪr,غير,ghV́ir,ghV́ir,,,,1,32,1,,,
友達,sègháir,sə̀ʁä́ɪr,سغير,ghV́ir,sè-ghV́ir,,,,1,32,1,,,×
読む,saïbe,säɨbə,سب,sV,sV-ïbe,,,,1,,1,,,×
書く,diānyïbe,dɪǟɲɨbə,ديڽب,diV̄ny,diV̄ny-ïbe,,,,1,,1,,,×
岬,buì,bʊɨ̀,بو,buV̀,buV̀,,,,4,,4,,,
臓器,shïr,ɕɨr,شر,shVr,shVr,,,,4,,4,,,
肺,còin,t͡sɵ̀ɪn,ڃين,cV̀in,cV̀in,,,,3,,3,,,
肝臓,nèu,nə̀ʊ,نو,nV̀u,nV̀u,,,,2,,2,,,
腎臓,wél,wə́l,ول,wV́l,wV́l,,,,2,,2,,,
胆,hhié,hɪə́,حي,hhiV́,hhiV́,,,,2,,2,,,
器官,hhuï,hʊɨ,حو,hhuV,hhuV,,,,4,,4,,,
両方,jol,d͡ʑɵl,جل,jVl,jVl,,,,3,,3,,,
互い,dióse,dɪɵ́sə,ديس,diV́se,diV́se,,,,3,,3,,,
香ばしい,hhiánár,hɪä́nä́r,حينر,hhiV́n,hhiV́n-ár,,,,1,,1,,,×
生臭い,hruàr,r̥ʊä̀r,هرور,hruV̀,hruV̀-r,,,,1,,1,,,×
昨日,hhò,hɵ̀,ح,hhV̀,hhV̀,,,,3,,3,,,
今日,woim,wɵɪm,ويم,wVim,wVim,,,,3,,3,,,
明日,póishe,pɵ́ɪɕə,پيش,pV́ishe,pV́ishe,,,,3,,3,,,
一昨日,xoishe,χɵɪɕə,خيش,xVishe,xVishe,,,,3,,3,,,
明後日,wōng,wɵ̄ŋ,وﯓ,wV̄ng,wV̄ng,,,,3,,3,,,
入江,hléi,l̥ə́ɪ,هلي,hlV́i,hlV́i,,,,2,,2,,,
湾,qiō,qɪɵ̄,قي,qiV̄,qiV̄,,,,3,,3,,,
籠,hlau,l̥äʊ,هلو,hlVu,hlVu,,,,1,,1,,,
流れ,kò,kɵ̀,ك,kV̀,kV̀,,,,3,33,3,,,
箱,yēu,jə̄ʊ,يو,yV̄u,yV̄u,,,,2,,2,,,
倉,nuír,nʊɨ́r,نور,nuV́r,nuV́r,,,,4,,4,,,
庫,dīshe,dɨ̄ɕə,دش,dV̄she,dV̄she,,,,4,,4,,,
俵,tàuse,tä̀ʊsə,توس,tV̀use,tV̀use,,,,1,,1,,,
合流,kà,kä̀,ك,kV̀,kV̀,,,,1,33,1,,,
伏流,kì,kɨ̀,ك,kV̀,kV̀,,,,4,33,4,,,
来年,góiny,gɵ́ɪɲ,گيڽ,gV́iny,gV́iny,,,,3,,3,,,
炉,āun,ǟʊn,اون,V̄un,V̄un,,,,1,34,1,,,
年老いた,kuamár,kʊämä́r,كومر,kuVm,kuVm-ár,,,,1,,1,,,×
薪,kī,kɨ̄,ك,kiV́,kiV́,,,,4,,4,,,
炭,bióshe,bɪɵ́ɕə,بيش,biV́she,biV́she,,,,3,,3,,,
灰,dèr,də̀r,در,dV̀r,dV̀r,,,,2,,2,,,
煙,jiany,d͡ʑɪäɲ,جيڽ,jiVny,jiVny,,,,1,,1,,,
すす,jáin,d͡ʑä́ɪn,جين,jV́in,jV́in,,,,1,,1,,,
植える,táimïbe,tä́ɪmɨbə,تيمب,tV́im,tV́im-ïbe,,,,1,,1,,,×
刈る,guābe,gʊǟbə,گوب,guV̄,guV̄-be,,,,1,,1,,,×
耕す,shuālïbe,ɕʊǟlɨbə,شولب,shuV̄l,shuV̄l-ïbe,,,,1,,1,,,×
水やり,gòi,gɵ̀ɪ,گي,gV̀i,gV̀i,,,,3,,3,,,
折る,fàinïbe,ɸä̀ɪnɨbə,فينب,fV̀in,fV̀in-ïbe,,,,1,,1,,,×
剥ぐ,ciangïbe,t͡sɪäŋɨbə,ڃيﯓب,ciVng,ciVng-ïbe,,,,1,,1,,,×
削る,yaibe,jäɪbə,ييب,yVi,yVi-be,,,,1,,1,,,×
砕く,kāisïbe,kǟɪsɨbə,كيسب,kV̄ise,kV̄is-ïbe,,,,1,,1,,,×
裂く,ziàyïbe,d͡zɪä̀jɨbə,زييب,ziV̀y,ziV̀y-ïbe,,,,1,,1,,,×
刺す,vuālïbe,βʊǟlɨbə,ڤولب,vuV̄l,vuV̄l-ïbe,,,,1,,1,,,×
裏切り,hhár,hä́r,حر,hhV́r,hhV́r,,,,1,,1,,,
並ぶ,aiyïbe,äɪjɨbə,اييب,Viy,Viy-ïbe,,,,1,,1,,,×
囲む,hhàumïbe,hä̀ʊmɨbə,حومب,hhV̀um,hhV̀um-ïbe,,,,1,,1,,,×
置き直す,chaunyïbe,t͡ɕäʊɲɨbə,چوڽب,chVuny,chVuny-ïbe,,,,1,,1,,,×
語る,ghābe,ʁǟbə,غب,ghV̄,ghV̄-be,,,,1,,1,,,×
叫ぶ,ghianïbe,ʁɪänɨbə,غينب,ghiVn,ghiVn-ïbe,,,,1,,1,,,×
ささやく,tiamïbe,tɪämɨbə,تيمب,tiVm,tiVm-ïbe,,,,1,,1,,,×
たび,quōy,qʊɵ̄j,قوي,quV̄y,quV̄y,,,,3,,3,,,
しばらく,piōshe,pɪɵ̄ɕə,پيش,piV̄she,piV̄she,,,,3,,3,,,
運ぶ,suābe,sʊǟbə,سوب,suV̄,suV̄-be,,,,1,,1,,,×
担ぐ,siábe,sɪä́bə,سيب,siV́,siV́-be,,,,1,,1,,,×
背負う,hmāibe,m̥ǟɪbə,هميب,hmV̄i,hmV̄i-be,,,,1,,1,,,×
引きずる,wiàbe,wɪä̀bə,ويب,wiV̀,wiV̀-be,,,,1,,1,,,×
比べる,ggianyïbe,ɢɪäɲɨbə,ڠيڽب,ggiVny,ggiVny-ïbe,,,,1,,1,,,×
秘密,cīm,t͡sɨ̄m,ڃم,cVim,cVim,,,,4,,4,,,
隠す,hmalïbe,m̥älɨbə,هملب,hmVl,hmVl-ïbe,,,,1,,1,,,×
磨く,páshïbe,pä́ɕɨbə,پشب,pV́she,pV́sh-ïbe,,,,1,,1,,,×
ほめる,diasïbe,dɪäsɨbə,ديسب,diVse,diVs-ïbe,,,,1,,1,,,×
しかる,viáyïbe,βɪä́jɨbə,ڤييب,viV́y,viV́y-ïbe,,,,1,,1,,,×
常に,tóin,tɵ́ɪn,تين,tV́in,tV́in,,,,3,,3,,,
たまに,vōise,βɵ̄ɪsə,ڤيس,vV̄ise,vV̄ise,,,,3,,3,,,
二度と,biōng,bɪɵ̄ŋ,بيﯓ,biV̄ng,biV̄ng,,,,3,,3,,,
よく,giōny,gɪɵ̄ɲ,گيڽ,giV̄ny,giV̄ny,,,,3,,3,,,
槍,ggáing,ɢä́ɪŋ,ڠيﯓ,ggV́ing,ggV́ing,,,,1,,1,,,
盾,shī,ɕɨ̄,ش,shiV́,shiV́,,,,4,,4,,,
弓,pany,päɲ,پڽ,pVny,pVny,,,,1,,1,,,
矢,kāuse,kǟʊsə,كوس,kV̄use,kV̄use,,,,1,,1,,,
腹,láung,lä́ʊŋ,لوﯓ,lV́ung,lV́ung,,,,1,,1,,,
胃,guà,gʊä̀,گو,guV̀,guV̀,,,,1,,1,,,
腸,luāng,lʊǟŋ,لوﯓ,luV̄ng,luV̄ng,,,,1,,1,,,
半分,hēi,ɦə̄ɪ,عي,hV̄i,hV̄i,,,,2,,2,,,
倍,hrīy,r̥ɨ̄j,هري,hriV́y,hriV́y,,,,4,,4,,,
余り,yiàn,jɪä̀n,يين,yiV̀n,yiV̀n,,,,1,,1,,,
炉端,ōun,ɵ̄ʊn,اون,V̄un,V̄un,,,,3,34,3,,,
皮むき,hnïu,n̥ɨʊ,هنو,hnVu,hnVu,,,,4,,4,,,
恥,wuo,wʊɵ,وو,wuV,wuV,,,,3,35,3,,,
恥じる,wuabe,wʊäbə,ووب,wuV,wuV-be,,,,1,35,1,,,×
石臼,páu,pä́ʊ,پو,pV́u,pV́u,,,,1,,1,,,
まな板,nīl,nɨ̄l,نل,niV̄l,niV̄l,,,,4,,4,,,
野原,hmìse,m̥ɨ̀sə,همس,hmV̀se,hmV̀se,,,,4,,4,,,
草地,ghīse,ʁɨ̄sə,غس,ghiV̄se,ghiV̄se,,,,4,,4,,,
荒野,kéng,kə́ŋ,كﯓ,kV́ng,kV́ng,,,,2,,2,,,
砂丘,hmese,m̥əsə,همس,hmVse,hmVse,,,,2,,2,,,
盆地,hluïng,l̥ʊɨŋ,هلوﯓ,hluVng,hluVng,,,,4,,4,,,
低地,luese,lʊəsə,لوس,luVse,luVse,,,,2,,2,,,
傾く,chuāngïbe,t͡ɕʊǟŋɨbə,چوﯓب,chuV̄ng,chuV̄ng-ïbe,,,,1,,1,,,×
傾ける,wábe,wä́bə,وب,wV́,wV́-be,,,,1,,1,,,×
変化,hióse,ɦɪɵ́sə,عيس,hiV́se,hiV́se,,,,3,,3,,,
編む,fánïbe,ɸä́nɨbə,فنب,fV́n,fV́n-ïbe,,,,1,,1,,,×
縫う,fāunïbe,ɸǟʊnɨbə,فونب,fV̄un,fV̄un-ïbe,,,,1,,1,,,×
織る,ggaungïbe,ɢäʊŋɨbə,ڠوﯓب,ggVung,ggVung-ïbe,,,,1,,1,,,×
便利な,càinyár,t͡sä̀ɪɲä́r,ڃيڽر,cV̀iny,cV̀iny-ár,,,,1,,1,,,×
不便な,buanár,bʊänä́r,بونر,buVn,buVn-ár,,,,1,,1,,,×
焼き物,jèuse,d͡ʑə̀ʊsə,جوس,jV̀use,jV̀use,,,,2,,2,,,
燻製,sheise,ɕəɪsə,شيس,shVise,shVise,,,,2,,2,,,
干物,bia,bɪä,بي,biV,biV,,,,1,,1,,,
包む,muāngïbe,mʊǟŋɨbə,موﯓب,muV̄ng,muV̄ng-ïbe,,,,1,,1,,,×
罰,gōum,gɵ̄ʊm,گوم,gV̄um,gV̄um,,,,3,,3,,,
褒美,hneuy,n̥əʊj,هنوي,hnVuy,hnVuy,,,,2,,2,,,
崩れ地,uò,ʊɵ̀,و,uV̀,uV̀,,,,3,,3,,,
手段,pīl,pɨ̄l,پل,pV̀il,pV̀il,,,,4,,4,,,
罪人,gail,gäɪl,گيل,gVil,gVil,,,,1,,1,,,
豊かな,jaishár,d͡ʑäɪɕä́r,جيشر,jVishe,jVish-ár,,,,1,,1,,,×
乏しい,hmamár,m̥ämä́r,هممر,hmVm,hmVm-ár,,,,1,,1,,,×
満腹,pauny,päʊɲ,پوڽ,pVuny,pVuny,,,,1,,1,,,
叔父/祖母,yàm/yèm,jä̀m/jə̀m,يم/يم,yV̀m,yV̀m,,,,,,,,,
従兄弟/従姉妹,dïnán/dïnén,dɨnä́n/dɨnə́n,دنن/دنن,dïnV́n,dïnV́n,,,,,,,,,
甥/姪,máil/méil,mä́ɪl/mə́ɪl,ميل/ميل,mV́il,mV́il,,,,,,,,,
姪孫,rèu,rə̀ʊ,رو,rV̀u,rV̀u,,,,2,,2,,,
棘,hhuàny,hʊä̀ɲ,حوڽ,hhuV̀ny,hhuV̀ny,,,,1,,1,,,
甘い,hluàngár,l̥ʊä̀ŋä́r,هلوﯓر,hluV̀ng,hluV̀ng-ár,,,,1,,1,,,×
苦い,war,wär,ور,wV,wV-r,,,,1,,1,,,×
酸っぱい,har,ɦär,عر,hV,hV-r,,,,1,,1,,,×
しょっぱい,hāumár,ɦǟʊmä́r,عومر,hV̄um,hV̄um-ár,,,,1,,1,,,×
辛い,áilár,ä́ɪlä́r,ايلر,V́il,V́il-ár,,,,1,,1,,,×
味わう,hràusïbe,r̥ä̀ʊsɨbə,هروسب,hrV̀use,hrV̀us-ïbe,,,,1,,1,,,×
密な,luāmár,lʊǟmä́r,لومر,luV̄m,luV̄m-ár,,,,1,,1,,,×
まばら,jiál,d͡ʑɪä́l,جيل,jiV́l,jiV́l,,,,1,,1,,,
豆乳,guón,gʊɵ́n,گون,guV́n,guV́n,,,,3,36,3,,,
乳児,guán,gʊä́n,گون,guV́n,guV́n,,,,1,36,1,,,
実り,kouny,kɵʊɲ,كوڽ,kVuny,kVuny,,,,3,37,3,,,
夢,hniáng,n̥ɪä́ŋ,هنيﯓ,hniV́ng,hniV́ng,,,,1,,1,,,
何もない,guōyïbe,gʊɵ̄jɨbə,گويب,guV̄y,guV̄y-ïbe,,,,3,,3,,,×
名づける,xàunyïbe,χä̀ʊɲɨbə,خوڽب,xV̀uny,xV̀uny-ïbe,,,,1,,1,,,×
名誉,puèy,pʊə̀j,پوي,puV̀y,puV̀y,,,,2,,2,,,
命じる,àumïbe,ä̀ʊmɨbə,اومب,V̀um,V̀um-ïbe,,,,1,,1,,,×
実り飯,kauny,käʊɲ,كوڽ,kVuny,kVuny,,,,1,37,1,,,
岸辺,tïlìbïu,tɨlɨ̀bɨʊ,تلبو,bVu,tïlì-bVu,,,,4,38,4,,,×
明るい,quasár,qʊäsä́r,قوسر,quVse,quVs-ár,,,,1,,1,,,×
暗い,tuāyár,tʊǟjä́r,توير,tuV̄y,tuV̄y-ár,,,,1,,1,,,×
眩しい,xayár,χäjä́r,خير,xVy,xVy-ár,,,,1,,1,,,×
目的,riàn,rɪä̀n,رين,riV̀n,riV̀n,,,,1,,1,,,
理由,fàir,ɸä̀ɪr,فير,fV̀ir,fV̀ir,,,,1,,1,,,
結果,chìul,t͡ɕɨ̀ʊl,چول,chV̀ul,chV̀ul,,,,4,,4,,,
まぶた,pīng,pɨ̄ŋ,پﯓ,pV̀ing,pV̀ing,,,,4,,4,,,
まつげ,què,qʊə̀,قو,quV̀,quV̀,,,,2,,2,,,
まゆ,jéiy,d͡ʑə́ɪj,جيي,jV́iy,jV́iy,,,,2,,2,,,
まばたき,sìun,sɨ̀ʊn,سون,sV̀un,sV̀un,,,,4,,4,,,
瞳孔,póse,pɵ́sə,پس,pV́se,pV́se,,,,3,,3,,,
木の実,kai,käɪ,كي,kVi,kVi,,,,1,,1,,,
岸,bïu,bɨʊ,بو,bVu,bVu,,,,4,38,4,,,
野草,kīny,kɨ̄ɲ,كڽ,kiV̀ny,kiV̀ny,,,,4,,4,,,
鹿,viár,βɪä́r,ڤير,viV́r,viV́r,,,,1,,1,,,
狐,kïnái,kɨnä́ɪ,كني,kïnV́i,kïnV́i,,,,1,,1,,,
狼,āing,ǟɪŋ,ايﯓ,V̄ing,V̄ing,,,,1,,1,,,
熊,hmài,m̥ä̀ɪ,همي,hmV̀i,hmV̀i,,,,1,,1,,,
兎,luïny,lʊɨɲ,لوڽ,luVny,luVny,,,,4,,4,,,
鼠,chíkï,t͡ɕɨ́kɨ,چك,chV́kV,chV́kV,,,,,,,,,
猿,taul,täʊl,تول,tVul,tVul,,,,1,,1,,,
象,cháiny,t͡ɕä́ɪɲ,چيڽ,chV́iny,chV́iny,,,,1,,1,,,
虎,mià,mɪä̀,مي,miV̀,miV̀,,,,1,,1,,,
獅子,káing,kä́ɪŋ,كيﯓ,kV́ing,kV́ing,,,,1,,1,,,
野獣,hláin,l̥ä́ɪn,هلين,hlV́in,hlV́in,,,,1,,1,,,
子鹿,tīu,tɨ̄ʊ,تو,tV̄u,tV̄u,,,,4,,4,,,
猛獣,chíul,t͡ɕɨ́ʊl,چول,chV́ul,chV́ul,,,,4,,4,,,
役目,zéy,d͡zə́j,زي,zV́y,zV́y,,,,2,,2,,,
血筋,jei,d͡ʑəɪ,جي,jVi,jVi,,,,2,39,2,,,
血管,jī,d͡ʑɨ̄,ج,jVi,jVi,,,,4,39,4,,,
勇気,wául,wä́ʊl,وول,wV́ul,wV́ul,,,,1,,1,,,
臆病,qeshe,qəɕə,قش,qVshe,qVshe,,,,2,,2,,,
義父,niá,nɪä́,ني,niV́,niV́,,,,1,40,1,,,
義母,nié,nɪə́,ني,niV́,niV́,,,,2,40,2,,,
泉,quòny,qʊɵ̀ɲ,قوڽ,quV̀ny,quV̀ny,,,,3,,3,,,
義兄,aniá,änɪä́,اني,niV́,a-niV́,,,,1,40,1,,,×
黄昏,ruò,rʊɵ̀,رو,ruV̀,ruV̀,,,,3,,3,,,
余裕,diany,dɪäɲ,ديڽ,diVny,diVny,,,,1,,1,,,
欠乏,wéu,wə́ʊ,وو,wV́u,wV́u,,,,2,,2,,,
揺れる,fasïbe,ɸäsɨbə,فسب,fVse,fVs-ïbe,,,,1,,1,,,×
揺らす,wābe,wǟbə,وب,wV̄,wV̄-be,,,,1,,1,,,×
控える,táu,tä́ʊ,تو,tV́u,tV́u,,,,1,,1,,,
悟る,yày,jä̀j,يي,yV̀y,yV̀y,,,,1,,1,,,
察する,giāngïbe,gɪǟŋɨbə,گيﯓب,giV̄ng,giV̄ng-ïbe,,,,1,,1,,,×
滝,gau,gäʊ,گو,gVu,gVu,,,,1,,1,,,
義姉,anié,änɪə́,اني,niV́,a-niV́,,,,2,40,2,,,×
河口,hhiò,hɪɵ̀,حي,hhiV̀,hhiV̀,,,,3,,3,,,
義弟,zoniá,d͡zɵnɪä́,زني,niV́,zo-niV́,,,,1,40,1,,,×
義妹,zonié,d͡zɵnɪə́,زني,niV́,zo-niV́,,,,2,40,2,,,×
水源,nióm,nɪɵ́m,نيم,niV́m,niV́m,,,,3,,3,,,
力,hniēy,n̥ɪə̄j,هنيي,hniV̄y,hniV̄y,,,,2,,2,,,
勢い,sháiy,ɕä́ɪj,شيي,shV́iy,shV́iy,,,,1,,1,,,
引く,káungïbe,kä́ʊŋɨbə,كوﯓب,kV́ung,kV́ung-ïbe,,,,1,,1,,,×
押す,pāusïbe,pǟʊsɨbə,پوسب,pV̄use,pV̄us-ïbe,,,,1,,1,,,×
亀,hhéin,hə́ɪn,حين,hhV́in,hhV́in,,,,2,,2,,,
蛇,ghuen,ʁʊən,غون,ghuVn,ghuVn,,,,2,,2,,,
蛙,waing,wäɪŋ,ويﯓ,wVing,wVing,,,,1,,1,,,
蜥蜴,hnèny,n̥ə̀ɲ,هنڽ,hnV̀ny,hnV̀ny,,,,2,,2,,,
龍,hnān,n̥ǟn,هنن,hnV̄n,hnV̄n,,,,1,,1,,,
氷河,hriáng,r̥ɪä́ŋ,هريﯓ,hriV́ng,hriV́ng,,,,1,,1,,,
週,néi,nə́ɪ,ني,nV́i,nV́i,,,,2,,2,,,
旬,lēse,lə̄sə,لس,lV̄se,lV̄se,,,,2,,2,,,
暦,nàum,nä̀ʊm,نوم,nV̀um,nV̀um,,,,1,,1,,,
山頂,yïfāse,jɨɸǟsə,يفس,fV̄se,yï-fV̄se,,,,1,41,1,,,×
月末,sìr,sɨ̀r,سر,sV̀r,sV̀r,,,,4,,4,,,
かまど,giar,gɪär,گير,giVr,giVr,,,,1,,1,,,
山腹,fāse,ɸǟsə,فس,fV̄se,fV̄se,,,,1,41,1,,,
火箸,hle,l̥ə,هل,hlV,hlV,,,,2,,2,,,
山麓,afīse,äɸɨ̄sə,افس,fV̄se,a-fV̄se,,,,4,41,4,,,×
老木,hnuàse,n̥ʊä̀sə,هنوس,hnuV̀se,hnuV̀se,,,,1,,1,,,
倒木,gàu,gä̀ʊ,گو,gV̀u,gV̀u,,,,1,,1,,,
切り株,tar,tär,تر,tVr,tVr,,,,1,,1,,,
脇,ōir,ɵ̄ɪr,اير,V̄ir,V̄ir,,,,3,,3,,,
毛穴,xuese,χʊəsə,خوس,xuVse,xuVse,,,,2,,2,,,
裸,gguān,ɢʊǟn,ڠون,gguV̄n,gguV̄n,,,,1,,1,,,
素肌,vèn,βə̀n,ڤن,vV̀n,vV̀n,,,,2,,2,,,
嗅ぐ,gguānyïbe,ɢʊǟɲɨbə,ڠوڽب,gguV̄ny,gguV̄ny-ïbe,,,,1,,1,,,×
香る,pāungïbe,pǟʊŋɨbə,پوﯓب,pV̄ung,pV̄ung-ïbe,,,,1,,1,,,×
匂う,ràsïbe,rä̀sɨbə,رسب,rV̀se,rV̀s-ïbe,,,,1,,1,,,×
茶,shé,ɕə́,ش,shV́,shV́,,,,,,,,,
桑,chuáy,t͡ɕʊä́j,چوي,chuV́y,chuV́y,,,,1,,1,,,
藍,sīse,sɨ̄sə,سس,sVise,sVise,,,,4,,4,,,
掟,óu,ɵ́ʊ,او,V́u,V́u,,,,3,,3,,,
法,huín,ɦʊɨ́n,عون,huV́n,huV́n,,,,4,,4,,,
山菜,zofīse,d͡zɵɸɨ̄sə,زفس,fV̄se,zo-fV̄se,,,,4,41,4,,,×
酔い,couny,t͡sɵʊɲ,ڃوڽ,cVuny,cVuny,,,,3,,3,,,
堀,ggainy,ɢäɪɲ,ڠيڽ,ggViny,ggViny,,,,1,,1,,,
仕事,wáu,wä́ʊ,وو,wV́u,wV́u,,,,,,,,,
働く,wáube,wä́ʊbə,ووب,wV́u,wV́u-be,,,,,,,,,×
労働者,wáubar,wä́ʊbär,ووبر,wV́u,wV́u-b(e)-ar,,,,,,,,,×
砂糖,síggïl,sɨ́ɢɨl,سڠل,sV́ggVl,sV́ggVl,,,,,,,,,
胡椒,fíu,ɸɨ́ʊ,فو,fV́u,fV́u,,,,,,,,,
香辛料,pàu,pä̀ʊ,پو,pV̀u,pV̀u,,,,,,,,,
香水,fau,ɸäʊ,فو,fVu,fVu,,,,,,,,,
絨毯,báur,bä́ʊr,بور,bV́ur,bV́ur,,,,,,,,,
ガラス,ggià,ɢɪä̀,ڠي,ggiV̀,ggiV̀,,,,,,,,,
オリーブ,cóu,t͡sɵ́ʊ,ڃو,cV́u,cV́u,,,,,,,,,
オレンジ,ghói,ʁɵ́ɪ,غي,ghV́i,ghV́i,,,,,,,,,
レモン,xoushe,χɵʊɕə,خوش,xVushe,xVushe,,,,,,,,,
ワイン,zuò,d͡zʊɵ̀,زو,zuV̀,zuV̀,,,,,,,,,
綿布,zēi,d͡zə̄ɪ,زي,zV̄i,zV̄i,,,,,,,,,
陶器,shei,ɕəɪ,شي,shVi,shVi,,,,,,,,,
磁器,gguè,ɢʊə̀,ڠو,gguV̀,gguV̀,,,,,,,,,
真珠,sie,sɪə,سي,siV,siV,,,,,,,,,
珊瑚玉,zéi,d͡zə́ɪ,زي,zV́i,zV́i,,,,,,,,,
香木,ggēny,ɢə̄ɲ,ڠڽ,ggV̄ny,ggV̄ny,,,,,,,,,
象牙,shéi,ɕə́ɪ,شي,shV́i,shV́i,,,,,,,,,
琥珀,hnēny,n̥ə̄ɲ,هنڽ,hnV̄ny,hnV̄ny,,,,,,,,,
銀貨,quóny,qʊɵ́ɲ,قوڽ,quV́ny,quV́ny,,,,,,,,,
金貨,luóng,lʊɵ́ŋ,لوﯓ,luV́ng,luV́ng,,,,,,,,,
寺院,hlai,l̥äɪ,هلي,hlVi,hlVi,,,,,,,,,
神殿,puá,pʊä́,پو,puV́,puV́,,,,,,,,,
聖典,muà,mʊä̀,مو,muV̀,muV̀,,,,,,,,,
巡礼路,hnál,n̥ä́l,هنل,hnV́l,hnV́l,,,,,,,,,
占星術,muó,mʊɵ́,مو,muV́,muV́,,,,,,,,,
鉄道,kiáruam,kɪä́rʊäm,كيروم,kiV́ruVm,kiV́ruVm,,,デルタイ語からの借用,,,,,,
汽車,jéughe,d͡ʑə́ʊʁə,جوغ,jV́ughe,jV́ughe,,,デルタイ語からの借用,,,,,,
蒸気船,cailár-a-péu,t͡säɪlä́r-ä-pə́ʊ,ڃيلر--پو,pV́u,cVilár-a-pV́u,,,デルタイ語からの借用,,,,,,×
蒸気機関,cail,t͡säɪl,ڃيل,cVil,cVil,,,デルタイ語からの借用,,,,,,
工場,naitān,näɪtǟn,نيتن,nVi-tān,nVi-tān,,,デルタイ語からの借用,,,,,,
機械,xàlāghe,χä̀lǟʁə,خلغ,xV̀lV̄ghe,xV̀lV̄ghe,,,デルタイ語からの借用,,,,,,
活版印刷,tïlapár-báse,tɨläpä́r-bä́sə,تلپر-بس,bV́se,tïlVpár-bV́se,,,デルタイ語からの借用,,,,,,×
郵便,póso,pɵ́sɵ,پس,pV́sV,pV́sV,,,デルタイ語からの借用,,,,,,
切手,píyághe,pɨ́jä́ʁə,پيغ,yV́ghe,pí-yV́ghe,,,デルタイ語からの借用,,,,,,×
写真,gïrapāghe,gɨräpǟʁə,گرپغ,gïrVpV̄ghe,gïrVpV̄ghe,,,デルタイ語からの借用,,,,,,
新聞,náusár-pághe,nä́ʊsä́r-pä́ʁə,نوسر-پغ,pV́ghe,nV́usár-pV́ghe,,,デルタイ語からの借用,,,,,,×
雑誌,málár-pághe,mä́lä́r-pä́ʁə,ملر-پغ,pV́ghe,mV́lár-pV́ghe,,,デルタイ語からの借用,,,,,,×
博物館,xābuátān,χǟbʊä́tǟn,خبوتن,buV́,xā-buV́-tān,,,デルタイ語からの借用,,,,,,×
図書館,abáutān,äbä́ʊtǟn,ابوتن,bV́u,a-bV́u-tān,,,デルタイ語からの借用,,,,,,×
劇場,tiárághe,tɪä́rä́ʁə,تيرغ,tiV́rV́ghe,tiV́rV́ghe,,,デルタイ語からの借用,,,,,,
望遠鏡,máur-a-kóu,mä́ʊr-ä-kɵ́ʊ,مور--كو,kV́u,mV́ur-a-kV́u,,,デルタイ語からの借用,,,,,,×
顕微鏡,kïlàr-a-kóu,kɨlä̀r-ä-kɵ́ʊ,كلر--كو,kV́u,kïlV̀r-a-kV́u,,,デルタイ語からの借用,,,,,,×
化学,kámia,kä́mɪä,كمي,kV́miV,kV́miV,,,デルタイ語からの借用,,,,,,
物理学,fázia,ɸä́d͡zɪä,فزي,fV́ziV,fV́ziV,,,デルタイ語からの借用,,,,,,
電報,kïlàr-sárail,kɨlä̀r-sä́räɪl,كلر-سريل,sV́rViV,kïlV̀r-sV́rViV,,,デルタイ語からの借用,,,,,,×
発電所,anágia,änä́gɪä,انگي,nV́giV,a-nV́giV,,,デルタイ語からの借用,,,,,,×
銀行,báng,bä́ŋ,بﯓ,bV́ng,bV́ng,,,デルタイ語からの借用,,,,,,
保険,sóghe,sɵ́ʁə,سغ,sV́ghe,sV́ghe,,,デルタイ語からの借用,,,,,,
会社,shióur,ɕɪɵ́ʊr,شيور,shiV́ur,shiV́ur,,,デルタイ語からの借用,,,,,,
憲法,anáy,änä́j,اني,nV́y,a-nV́y,,,デルタイ語からの借用,,,,,,×
自動車,autar-máuvia,äʊtär-mä́ʊβɪä,اوتر-موڤي,autar-máuvia,autar-máuvia,,,アルディア語からの借用語,,,,,,
バス,báshia,bä́ɕɪä,بشي,báshia,báshia,,,アルディア語からの借用語,,,,,,
トラック,lámá,lä́mä́,لم,lámá,lámá,,,アルディア語からの借用語,,,,,,
タクシー,táxia,tä́χɪä,تخي,táxia,táxia,,,アルディア語からの借用語,,,,,,
オートバイ,autar-a-síkī,äʊtär-ä-sɨ́kɨ̄,اوتر--سك,autar-a-síkī,autar-a-síkī,,,アルディア語からの借用語,,,,,,
自転車,síkī,sɨ́kɨ̄,سك,síkī,síkī,,,アルディア語からの借用語,,,,,,
飛行機,kïráute,kɨrä́ʊtə,كروت,kïráute,kïráute,,,アルディア語からの借用語,,,,,,
空港,pár,pä́r,پر,pár,pár,,,アルディア語からの借用語,,,,,,
ヘリコプター,chápiar,t͡ɕä́pɪär,چپير,chápiar,chápiar,,,アルディア語からの借用語,,,,,,
地下鉄,már,mä́r,مر,már,már,,,アルディア語からの借用語,,,,,,
エレベーター,asánar,äsä́när,اسنر,asánar,asánar,,,アルディア語からの借用語,,,,,,
モーター,áutar,ä́ʊtär,اوتر,áutar,áutar,,,アルディア語からの借用語,,,,,,
電話,hátau,ɦä́täʊ,عتو,hátau,hátau,,,アルディア語からの借用語,,,,,,
携帯電話,movior-a-hátau,mɵβɪɵr-ä-ɦä́täʊ,مڤير--عتو,movior-a-hátau,movior-a-hátau,,,アルディア語からの借用語,,,,,,
ラジオ,lánar,lä́när,لنر,lánar,lánar,,,アルディア語からの借用語,,,,,,
テレビ,távál,tä́βä́l,تڤل,távál,távál,,,アルディア語からの借用語,,,,,,
カメラ,chámia,t͡ɕä́mɪä,چمي,chámia,chámia,,,アルディア語からの借用語,,,,,,
映画,moshio,mɵɕɪɵ,مشي,moshio,moshio,,,アルディア語からの借用語,,,,,,
マイク,míshe,mɨ́ɕə,مش,míshe,míshe,,,アルディア語からの借用語,,,,,,
コンピュータ,kámuar,kä́mʊär,كمور,kámuar,kámuar,,,アルディア語からの借用語,,,,,,
ノートパソコン,movior-a-kámuar,mɵβɪɵr-ä-kä́mʊär,مڤير--كمور,movior-a-kámuar,movior-a-kámuar,,,アルディア語からの借用語,,,,,,
インターネット,yiār-niátar,jɪǟr-nɪä́tär,يير-نيتر,yiār-niátar,yiār-niátar,,,アルディア語からの借用語,,,,,,
サイト,sítar,sɨ́tär,ستر,sítar,sítar,,,アルディア語からの借用語,,,,,,
メール,bárál,bä́rä́l,برل,bárál,bárál,,,アルディア語からの借用語,,,,,,
データ,báitar,bä́ɪtär,بيتر,báitar,báitar,,,アルディア語からの借用語,,,,,,
ファイル,wáil,wä́ɪl,ويل,wáil,wáil,,,アルディア語からの借用語,,,,,,
ソフトウェア,wair-májia,wäɪr-mä́d͡ʑɪä,وير-مجي,wair-májia,wair-májia,,,アルディア語からの借用語,,,,,,
ハードウェア,wair-háise,wäɪr-ɦä́ɪsə,وير-عيس,wair-háise,wair-háise,,,アルディア語からの借用語,,,,,,
アプリ,sáubar,sä́ʊbär,سوبر,sáubar,sáubar,,,アルディア語からの借用語,,,,,,
アカウント,cháutia,t͡ɕä́ʊtɪä,چوتي,cháutia,cháutia,,,アルディア語からの借用語,,,,,,
パスワード,pásár-jïruà,pä́sä́r-d͡ʑɨrʊä̀,پسر-جرو,pásár-jïruà,pásár-jïruà,,,アルディア語からの借用語,,,,,,
サーバー,shávïbar,ɕä́βɨbär,شڤبر,shávïbar,shávïbar,,,アルディア語からの借用語,,,,,,
ネットワーク,niátar-wáu,nɪä́tär-wä́ʊ,نيتر-وو,niátar-wáu,niátar-wáu,,,アルディア語からの借用語,,,,,,
デジタル,rïqābar,rɨqǟbär,رقبر,rïqāl,rïqāl,,,アルディア語からの借用語,,,,,,
ロボット,autar-a-boshe,äʊtär-ä-bɵɕə,اوتر--بش,autar-a-boshe,autar-a-boshe,,,アルディア語からの借用語,,,,,,
ワクチン,xiálar,χɪä́lär,خيلر,xiálar,xiálar,,,アルディア語からの借用語,,,,,,
ウイルス,wáirar,wä́ɪrär,ويرر,wáirar,wáirar,,,アルディア語からの借用語,,,,,,
レーザー,láisar,lä́ɪsär,ليسر,láisar,láisar,,,アルディア語からの借用語,,,,,,
